species,new_species,keep,link_species,Orig,CZ,SK,Cesko,Slovensko
Achillea millefolium agg.,Achillea millefolium agg.,TRUE,Achillea millefolium agg.,200,736,104,NA,NA
Achillea asplenifolia,Achillea millefolium agg.,TRUE,Achillea asplenifolia,NA,17,NA,NA,NA
Achillea pannonica,Achillea millefolium agg.,TRUE,Achillea pannonica,NA,120,NA,NA,NA
Achillea setacea,Achillea millefolium agg.,TRUE,Achillea setacea,NA,9,NA,NA,NA
Achillea nobilis,Achillea nobilis,TRUE,Achillea nobilis,NA,NA,8,LC,NA
Achillea ptarmica,Achillea ptarmica,TRUE,Achillea ptarmica,NA,7,2,-,NT
Acinos alpinus,Acinos alpinus,TRUE,Acinos alpinus,NA,NA,44,NA,NA
Acinos arvensis,Acinos arvensis,TRUE,Acinos arvensis,3,184,10,-,NA
Aconitum lycoctonum,Aconitum lycoctonum,TRUE,Aconitum lycoctonum,NA,1,NA,LC,NA
Adonis vernalis,Adonis vernalis,TRUE,Adonis vernalis,3,71,4,VU,NT
Aegopodium podagraria,Aegopodium podagraria,TRUE,Aegopodium podagraria,20,34,7,-,NA
Agrimonia eupatoria,Agrimonia eupatoria,TRUE,Agrimonia eupatoria,111,140,6,-,NA
Agrimonia procera,Agrimonia procera,TRUE,Agrimonia procera,NA,1,NA,NT,NA
Agrimonia species,Agrimonia species,TRUE,Agrimonia species,NA,3,NA,NA,NA
Agrostis vinealis,Agrostis canina agg.,TRUE,Agrostis vinealis,4,NA,NA,-,NA
Agrostis canina,Agrostis canina agg.,TRUE,Agrostis canina,NA,27,11,-,NA
Agrostis capillaris,Agrostis capillaris,TRUE,Agrostis capillaris,101,NA,NA,-,NA
Agrostis stolonifera,Agrostis stolonifera,TRUE,Agrostis stolonifera,18,NA,NA,-,NA
Ajuga genevensis,Ajuga genevensis,TRUE,Ajuga genevensis,3,NA,NA,-,NA
Ajuga reptans,Ajuga reptans,TRUE,Ajuga reptans,24,NA,NA,-,NA
Alchemilla vulgaris s.lat.,Alchemilla vulgaris agg.,TRUE,Alchemilla vulgaris s.lat.,58,203,79,NA,NA
Alisma plantago-aquatica,Alisma plantago-aquatica,TRUE,Alisma plantago-aquatica,NA,2,3,-,NA
Allium carinatum,Allium carinatum,TRUE,Allium carinatum,2,NA,NA,NT,NT
Allium oleraceum,Allium oleraceum,TRUE,Allium oleraceum,1,NA,NA,-,NA
Allium scorodoprasum,Allium scorodoprasum,TRUE,Allium scorodoprasum,17,NA,NA,-,NA
Allium senescens ssp. montanum,Allium senescens ssp. montanum,TRUE,Allium senescens subsp. montanum,NA,63,NA,LC,NA
Alopecurus pratensis,Alopecurus pratensis,TRUE,Alopecurus pratensis,54,NA,NA,-,NA
Anagallis arvensis,Anagallis arvensis,TRUE,Anagallis arvensis,14,NA,NA,-,NA
Anemone nemorosa,Anemone nemorosa,TRUE,Anemone nemorosa,12,NA,NA,-,NA
Anemone ranunculoides,Anemone ranunculoides,TRUE,Anemone ranunculoides,5,NA,NA,-,NA
Anemone sylvestris,Anemone sylvestris,TRUE,Anemone sylvestris,7,NA,NA,EN,NT
Angelica sylvestris,Angelica sylvestris,TRUE,Angelica sylvestris,12,NA,NA,-,NA
Anthericum ramosum,Anthericum ramosum,TRUE,Anthericum ramosum,2,NA,NA,LC,NA
Anthoxanthum odoratum s.lat.,Anthoxanthum odoratum,TRUE,Anthoxanthum odoratum,64,NA,NA,-,NA
Anthriscus sylvestris,Anthriscus sylvestris,TRUE,Anthriscus sylvestris,37,NA,NA,-,NA
Anthyllis vulneraria,Anthyllis vulneraria,TRUE,Anthyllis vulneraria,4,177,52,-,NA
Arabis hirsuta agg.,Arabis hirsuta agg.,TRUE,Arabis hirsuta agg.,15,100,17,NA,NA
Arctium species,Arctium species,TRUE,Arctium species,11,NA,NA,NA,NA
Arenaria serpyllifolia agg.,Arenaria serpyllifolia agg.,TRUE,Arenaria serpyllifolia,3,136,4,-,NA
Arrhenatherum elatius,Arrhenatherum elatius,TRUE,Arrhenatherum elatius,185,NA,NA,-,NA
Artemisia campestris,Artemisia campestris,TRUE,Artemisia campestris,NA,110,NA,-,NA
Artemisia vulgaris,Artemisia vulgaris,TRUE,Artemisia vulgaris,59,NA,NA,-,NA
Asarum europaeum,Asarum europaeum,TRUE,Asarum europaeum,8,NA,NA,-,NA
Asplenium trichomanes,Asplenium trichomanes,TRUE,Asplenium trichomanes,NA,16,1,-,NA
Astragalus cicer,Astragalus cicer,TRUE,Astragalus cicer,4,NA,NA,-,NA
Astragalus danicus,Astragalus danicus,TRUE,Astragalus danicus,4,NA,NA,NT,NT
Astragalus glycyphyllos,Astragalus glycyphyllos,TRUE,Astragalus glycyphyllos,44,NA,NA,-,NA
Atriplex prostrata ssp. latifolia,Atriplex prostrata ssp. latifolia,TRUE,Atriplex prostrata subsp. latifolia,NA,28,NA,NT,NA
Avenula pubescens,Avenula pubescens,TRUE,Avenula pubescens,35,NA,NA,-,NA
Ballota nigra,Ballota nigra,TRUE,Ballota nigra,3,NA,NA,-,NA
Betonica officinalis,Betonica officinalis,TRUE,Betonica officinalis,40,NA,NA,-,NA
Botrychium lunaria,Botrychium lunaria,TRUE,Botrychium lunaria,2,NA,NA,VU,NA
Brachypodium pinnatum,Brachypodium pinnatum,TRUE,Brachypodium pinnatum,114,NA,NA,-,NA
Briza media,Briza media,TRUE,Briza media,27,NA,NA,-,NA
Bromus commutatus,Bromus commutatus,TRUE,Bromus commutatus,11,NA,NA,DD,NA
Bromus erectus,Bromus erectus,TRUE,Bromus erectus,37,NA,NA,-,NA
Bromus hordeaceus,Bromus hordeaceus,TRUE,Bromus hordeaceus,NA,28,4,-,NA
Bromus japonicus,Bromus japonicus,TRUE,Bromus japonicus,5,NA,NA,LC,NA
Bryum capillare agg.,Bryum capillare agg.,FALSE,Bryum capillare agg.,NA,5,NA,NA,NA
Bupleurum falcatum,Bupleurum falcatum,TRUE,Bupleurum falcatum,17,NA,NA,-,NA
Calamagrostis epigejos,Calamagrostis epigejos,TRUE,Calamagrostis epigejos,410,NA,NA,-,NA
Calystegia sepium,Calystegia sepium,TRUE,Calystegia sepium,6,NA,NA,-,NA
Campanula bononiensis,Campanula bononiensis,TRUE,Campanula bononiensis,8,NA,NA,VU,NT
Campanula glomerata,Campanula glomerata,TRUE,Campanula glomerata,18,286,26,-,NA
Campanula patula,Campanula patula,TRUE,Campanula patula,77,NA,NA,-,NA
Campanula persicifolia,Campanula persicifolia,TRUE,Campanula persicifolia,20,NA,NA,-,NA
Campanula rapunculoides,Campanula rapunculoides,TRUE,Campanula rapunculoides,7,NA,NA,-,NA
Campanula rotundifolia agg.,Campanula rotundifolia agg.,TRUE,Campanula rotundifolia agg.,2,57,39,NA,NA
Campylium stellatum,Campylium stellatum,FALSE,Campylium stellatum,NA,18,8,NA,NA
Cardamine pratensis,Cardamine pratensis,TRUE,Cardamine pratensis,16,93,68,-,NA
Carduus acanthoides,Carduus acanthoides,TRUE,Carduus acanthoides,11,NA,NA,-,NA
Carduus crispus,Carduus crispus,TRUE,Carduus crispus,7,NA,NA,-,NA
Carex acutiformis,Carex acutiformis,TRUE,Carex acutiformis,16,NA,NA,-,NA
Carex brizoides,Carex brizoides,TRUE,Carex brizoides,3,NA,NA,-,NA
Carex canescens,Carex canescens,TRUE,Carex canescens,NA,8,24,-,LC
Carex caryophyllea,Carex caryophyllea,TRUE,Carex caryophyllea,25,NA,NA,-,NA
Carex digitata,Carex digitata,TRUE,Carex digitata,NA,7,2,-,NA
Carex distans,Carex distans,TRUE,Carex distans,17,NA,NA,NT,NT
Carex flacca,Carex flacca,TRUE,Carex flacca,4,NA,NA,-,NA
Carex flava,Carex flava,TRUE,Carex flava,NA,37,9,NT,LC
Carex hartmanii,Carex hartmanii,TRUE,Carex hartmanii,15,NA,NA,NT,NT
Carex hirta,Carex hirta,TRUE,Carex hirta,103,NA,NA,-,NA
Carex leporina,Carex leporina,TRUE,Carex leporina,7,NA,NA,-,NA
Carex michelii,Carex michelii,TRUE,Carex michelii,2,NA,NA,NT,NA
Carex montana,Carex montana,TRUE,Carex montana,43,NA,NA,-,NA
Carex spicata,Carex muricata agg.,TRUE,Carex spicata,13,NA,NA,NA,NA
Carex muricata agg.,Carex muricata agg.,TRUE,Carex muricata agg.,16,4,NA,NA,NA
Carex nigra,Carex nigra,TRUE,Carex nigra,8,NA,NA,-,NA
Carex otrubae,Carex otrubae,TRUE,Carex otrubae,3,NA,NA,LC,NA
Carex pallescens,Carex pallescens,TRUE,Carex pallescens,76,NA,NA,-,NA
Carex panicea,Carex panicea,TRUE,Carex panicea,8,NA,NA,-,NA
Carex pilulifera,Carex pilulifera,TRUE,Carex pilulifera,30,NA,NA,-,NA
Carex praecox,Carex praecox,TRUE,Carex praecox,NA,30,NA,-,NA
Carex sylvatica,Carex sylvatica,TRUE,Carex sylvatica,3,NA,NA,-,NA
Carex tomentosa,Carex tomentosa,TRUE,Carex tomentosa,10,NA,NA,-,NA
Carex vulpina,Carex vulpina,TRUE,Carex vulpina,NA,18,2,-,NA
Carlina acaulis,Carlina acaulis,TRUE,Carlina acaulis,7,231,56,-,NA
Carlina vulgaris s.lat.,Carlina vulgaris,TRUE,Carlina vulgaris,53,65,20,-,NA
Centaurea jacea,Centaurea jacea,TRUE,Centaurea jacea,48,399,17,-,NA
Centaurea phrygia s.lat.,Centaurea phrygia,TRUE,Centaurea phrygia s.lat.,16,51,11,NA,NA
Centaurea scabiosa,Centaurea scabiosa,TRUE,Centaurea scabiosa,35,NA,NA,-,NA
Centaurea stoebe,Centaurea stoebe,TRUE,Centaurea stoebe,8,NA,NA,-,NA
Centaurea triumfetti,Centaurea triumfetti,TRUE,Centaurea triumfetti,NA,22,NA,NT,NA
Centaurium erythraea,Centaurium erythraea,TRUE,Centaurium erythraea,20,NA,NA,LC,NA
Cerastium holosteoides,Cerastium holosteoides,TRUE,Cerastium holosteoides,48,NA,NA,-,NA
Cerastium pumilum s.lat.,Cerastium pumilum,TRUE,Cerastium pumilum s.lat.,NA,84,NA,NA,NA
Chamaecytisus austriacus,Chamaecytisus austriacus,TRUE,Chamaecytisus austriacus,11,NA,NA,NT,NA
Chamaecytisus supinus,Chamaecytisus supinus,TRUE,Chamaecytisus supinus,2,NA,NA,NT,NA
Chamaecytisus virescens,Chamaecytisus virescens,TRUE,Chamaecytisus virescens,17,NA,NA,NT,NA
Chenopodium album agg.,Chenopodium album agg.,TRUE,Chenopodium album agg.,1,3,NA,NA,NA
Cirsium arvense,Cirsium arvense,TRUE,Cirsium arvense,220,NA,NA,-,NA
Cirsium canum,Cirsium canum,TRUE,Cirsium canum,22,NA,NA,-,NA
Cirsium eriophorum,Cirsium eriophorum,TRUE,Cirsium eriophorum,2,NA,NA,LC,NA
Cirsium palustre,Cirsium palustre,TRUE,Cirsium palustre,1,NA,NA,-,NA
Cirsium pannonicum,Cirsium pannonicum,TRUE,Cirsium pannonicum,50,NA,NA,NT,NA
Cirsium vulgare,Cirsium vulgare,TRUE,Cirsium vulgare,39,NA,NA,-,NA
Cladonia furcata,Cladonia furcata,FALSE,Cladonia furcata,NA,28,1,NA,NA
Cladonia pyxidata s.lat.,Cladonia pyxidata s.lat.,FALSE,Cladonia pyxidata s.lat.,NA,61,1,NA,NA
Cladonia subulata s.lat.,Cladonia subulata s.lat.,FALSE,Cladonia subulata s.lat.,NA,3,NA,NA,NA
Clematis vitalba,Clematis vitalba,TRUE,Clematis vitalba,30,1,NA,-,NA
Clinopodium vulgare,Clinopodium vulgare,TRUE,Clinopodium vulgare,24,NA,NA,-,NA
Colchicum autumnale,Colchicum autumnale,TRUE,Colchicum autumnale,83,NA,NA,-,NA
Convolvulus arvensis,Convolvulus arvensis,TRUE,Convolvulus arvensis,37,NA,NA,-,NA
Conyza canadensis,Conyza canadensis,TRUE,Conyza canadensis,19,NA,NA,-,NA
Cotoneaster integerrimus,Cotoneaster integerrimus,TRUE,Cotoneaster integerrimus,NA,3,1,NT,NA
Crepis biennis,Crepis biennis,TRUE,Crepis biennis,30,NA,NA,-,NA
Crepis praemorsa,Crepis praemorsa,TRUE,Crepis praemorsa,1,NA,NA,EN,NT
Cruciata verna,Cruciata verna,TRUE,Cruciata verna,109,NA,NA,-,NA
Cuscuta europaea,Cuscuta europaea,TRUE,Cuscuta europaea,4,NA,NA,-,NA
Cynoglossum officinale,Cynoglossum officinale,TRUE,Cynoglossum officinale,3,NA,NA,-,NA
Cynosurus cristatus,Cynosurus cristatus,TRUE,Cynosurus cristatus,2,NA,NA,-,NA
Cytisus nigricans,Cytisus nigricans,TRUE,Cytisus nigricans,16,NA,NA,-,NA
Dactylis glomerata,Dactylis glomerata,TRUE,Dactylis glomerata,174,661,57,-,NA
Dactylorhiza maculata s.lat.,Dactylorhiza maculata,TRUE,Dactylorhiza maculata,NA,8,2,EN,NA
Dactylorhiza majalis,Dactylorhiza majalis,TRUE,Dactylorhiza majalis,NA,22,40,NT,NA
Dactylorhiza majalis agg.*,Dactylorhiza majalis,TRUE,Dactylorhiza majalis,NA,2,NA,NT,NA
Dactylorhiza sambucina,Dactylorhiza sambucina,TRUE,Dactylorhiza sambucina,NA,3,NA,EN,NT
Danthonia alpina,Danthonia alpina,TRUE,Danthonia alpina,NA,9,NA,EN,NT
Danthonia decumbens,Danthonia decumbens,TRUE,Danthonia decumbens,4,102,24,-,NA
Datura stramonium,Datura stramonium,TRUE,Datura stramonium,NA,1,NA,-,NA
Daucus carota,Daucus carota,TRUE,Daucus carota,105,135,14,-,NA
Daucus carota ssp. carota,Daucus carota,TRUE,Daucus carota subsp. carota,NA,9,NA,-,NA
Dentaria bulbifera,Dentaria bulbifera,TRUE,Dentaria bulbifera,NA,1,1,-,NA
Deschampsia cespitosa,Deschampsia cespitosa,TRUE,Deschampsia cespitosa,23,196,73,-,NA
Descurainia sophia,Descurainia sophia,TRUE,Descurainia sophia,NA,3,NA,-,NA
Dianthus armeria,Dianthus armeria,TRUE,Dianthus armeria,NA,3,NA,LC,NA
Dianthus carthusianorum s.lat.,Dianthus carthusianorum,TRUE,Dianthus carthusianorum s.lat.,3,180,39,NA,NA
Dianthus carthusianorum agg.,Dianthus carthusianorum,TRUE,Dianthus carthusianorum agg.,NA,9,NA,NA,NA
Dianthus deltoides,Dianthus deltoides,TRUE,Dianthus deltoides,4,18,19,-,NA
Dianthus lumnitzeri,Dianthus lumnitzeri,TRUE,Dianthus lumnitzeri,NA,21,NA,VU,NA
Dianthus species,Dianthus species,FALSE,Dianthus species,NA,1,NA,NA,NA
Dianthus superbus,Dianthus superbus,TRUE,Dianthus superbus,NA,6,NA,EN,NA
Dictamnus albus,Dictamnus albus,TRUE,Dictamnus albus,NA,26,NA,NT,NT
Digitalis grandiflora,Digitalis grandiflora,TRUE,Digitalis grandiflora,5,16,3,-,NA
Digitaria ischaemum,Digitaria ischaemum,TRUE,Digitaria ischaemum,NA,7,NA,-,NA
Digitaria sanguinalis,Digitaria sanguinalis,TRUE,Digitaria sanguinalis,NA,1,NA,-,NA
Diplotaxis muralis,Diplotaxis muralis,TRUE,Diplotaxis muralis,NA,2,NA,NT,NA
Diplotaxis tenuifolia,Diplotaxis tenuifolia,TRUE,Diplotaxis tenuifolia,NA,7,NA,-,NA
Dipsacus fullonum,Dipsacus fullonum,TRUE,Dipsacus fullonum,16,8,NA,-,NA
Dipsacus laciniatus,Dipsacus laciniatus,TRUE,Dipsacus laciniatus,2,NA,NA,NT,NA
Dipsacus species,Dipsacus species,FALSE,Dipsacus species,NA,NA,1,NA,NA
Dorycnium pentaphyllum agg.,Dorycnium pentaphyllum,TRUE,Dorycnium pentaphyllum agg.,NA,59,1,NA,NA
Dorycnium pentaphyllum s.lat.,Dorycnium pentaphyllum,TRUE,Dorycnium pentaphyllum s.lat.,NA,215,5,NA,NA
Dryopteris species,Dryopteris species,TRUE,Dryopteris species,2,NA,NA,NA,NA
Dryopteris carthusiana,Dryopteris species,TRUE,Dryopteris carthusiana,NA,1,NA,NA,NA
Dryopteris dilatata,Dryopteris species,TRUE,Dryopteris dilatata,NA,1,NA,NA,NA
Dryopteris filix-mas,Dryopteris species,TRUE,Dryopteris filix-mas,NA,1,1,NA,NA
Dysphania botrys,Dysphania botrys,TRUE,Dysphania botrys,NA,1,NA,NT,NA
Echinochloa crus-galli,Echinochloa crus-galli,TRUE,Echinochloa crus-galli,NA,8,NA,-,NA
Echinops sphaerocephalus,Echinops sphaerocephalus,TRUE,Echinops sphaerocephalus,NA,2,NA,-,NA
Echium maculatum,Echium maculatum,TRUE,Echium maculatum,NA,13,NA,EN,VU
Echium vulgare,Echium vulgare,TRUE,Echium vulgare,5,127,12,-,NA
Eleocharis palustris s.lat.,Eleocharis palustris agg.,TRUE,Eleocharis palustris s.lat.,NA,8,2,NA,NA
Eleocharis uniglumis,Eleocharis palustris agg.,TRUE,Eleocharis uniglumis,NA,22,NA,NA,NA
Elymus caninus,Elymus caninus,TRUE,Elymus caninus,NA,4,NA,-,NA
Elymus hispidus,Elymus hispidus,TRUE,Elymus hispidus,NA,139,8,-,NA
Elymus hispidus var. hispidus,Elymus hispidus,TRUE,Elymus hispidus var. hispidus,NA,24,NA,-,NA
Elymus repens,Elymus repens,TRUE,Elymus repens,87,116,2,-,NA
Elymus species,Elymus species,FALSE,Elymus species,NA,1,NA,NA,NA
Epilobium adenocaulon,Epilobium adenocaulon,TRUE,Epilobium adenocaulon,2,2,NA,-,NA
Epilobium angustifolium,Epilobium angustifolium,TRUE,Epilobium angustifolium,2,5,1,-,NA
Epilobium hirsutum,Epilobium hirsutum,TRUE,Epilobium hirsutum,NA,10,NA,-,NA
Epilobium montanum,Epilobium montanum,TRUE,Epilobium montanum,21,5,3,-,NA
Epilobium obscurum,Epilobium obscurum,TRUE,Epilobium obscurum,NA,2,4,NT,NA
Epilobium palustre,Epilobium palustre,TRUE,Epilobium palustre,NA,12,19,NT,NA
Epilobium parviflorum,Epilobium parviflorum,TRUE,Epilobium parviflorum,NA,17,1,NT,NA
Epilobium species,Epilobium species,FALSE,Epilobium species,NA,9,NA,NA,NA
Epilobium tetragonum s.lat.,Epilobium tetragonum s.lat.,TRUE,Epilobium tetragonum s.lat.,27,8,1,NA,NA
Epipactis atrorubens,Epipactis atrorubens,TRUE,Epipactis atrorubens,1,8,24,NT,NA
Epipactis helleborine agg.,Epipactis helleborine agg.,TRUE,Epipactis helleborine,NA,2,NA,-,NA
Epipactis helleborine s.lat.,Epipactis helleborine agg.,TRUE,Epipactis helleborine,NA,2,6,-,NA
Epipactis palustris,Epipactis palustris,TRUE,Epipactis palustris,NA,7,NA,VU,NT
Epipactis species,Epipactis species,FALSE,Epipactis species,NA,2,NA,NA,NA
Equisetum arvense,Equisetum arvense,TRUE,Equisetum arvense,3,118,33,-,NA
Equisetum fluviatile,Equisetum fluviatile,TRUE,Equisetum fluviatile,NA,18,5,-,NA
Equisetum palustre,Equisetum palustre,TRUE,Equisetum palustre,NA,85,19,-,NA
Equisetum ramosissimum,Equisetum ramosissimum,TRUE,Equisetum ramosissimum,NA,1,NA,VU,NA
Equisetum species,Equisetum species,FALSE,Equisetum species,NA,2,NA,NA,NA
Equisetum sylvaticum,Equisetum sylvaticum,TRUE,Equisetum sylvaticum,12,9,6,-,NA
Equisetum telmateia,Equisetum telmateia,TRUE,Equisetum telmateia,NA,10,NA,NT,NA
Erigeron acris agg.,Erigeron acris agg.,TRUE,Erigeron acris agg.,8,27,NA,NA,NA
Erigeron annuus agg.,Erigeron annuus agg.,TRUE,Erigeron annuus agg.,35,4,NA,NA,NA
Eriophorum angustifolium,Eriophorum angustifolium,TRUE,Eriophorum angustifolium,NA,39,19,-,NA
Eriophorum latifolium,Eriophorum latifolium,TRUE,Eriophorum latifolium,NA,12,NA,EN,NA
Erodium cicutarium,Erodium cicutarium,TRUE,Erodium cicutarium,NA,5,NA,-,NA
Erophila spathulata,Erophila verna agg.,TRUE,Erophila spathulata,NA,9,NA,NA,NA
Erophila verna,Erophila verna agg.,TRUE,Erophila verna,NA,33,1,NA,NA
Eryngium campestre,Eryngium campestre,TRUE,Eryngium campestre,2,164,10,-,NA
Erysimum cheiranthoides,Erysimum cheiranthoides,TRUE,Erysimum cheiranthoides,NA,3,NA,-,NA
Erysimum diffusum,Erysimum diffusum,TRUE,Erysimum diffusum,NA,88,NA,NT,LC
Erysimum durum s.lat.,Erysimum durum s.lat.,TRUE,Erysimum durum s.lat.,NA,8,NA,NA,NA
Erysimum odoratum,Erysimum odoratum,TRUE,Erysimum odoratum,NA,14,4,NT,NA
Erysimum repandum,Erysimum repandum,TRUE,Erysimum repandum,NA,6,NA,CR,NT
Erysimum species,Erysimum species,FALSE,Erysimum species,2,NA,NA,NA,NA
Erysimum virgatum,Erysimum virgatum,TRUE,Erysimum virgatum,NA,1,NA,NT,NA
Erysimum virgatum agg.,Erysimum virgatum agg.,TRUE,Erysimum virgatum,NA,12,NA,NT,NA
Erysimum witmannii,Erysimum witmannii,TRUE,Erysimum witmannii,NA,NA,35,NA,NA
Eupatorium cannabinum,Eupatorium cannabinum,TRUE,Eupatorium cannabinum,NA,45,2,-,NA
Euphorbia amygdaloides,Euphorbia amygdaloides,TRUE,Euphorbia amygdaloides,NA,1,NA,LC,NA
Euphorbia cyparissias,Euphorbia cyparissias,TRUE,Euphorbia cyparissias,41,455,98,-,NA
Euphorbia dulcis,Euphorbia dulcis,TRUE,Euphorbia dulcis,NA,2,NA,-,NA
Euphorbia epithymoides,Euphorbia epithymoides,TRUE,Euphorbia epithymoides,NA,7,10,NT,NA
Euphorbia esula,Euphorbia esula,TRUE,Euphorbia esula,3,34,6,-,NA
Euphorbia esula ssp. esula,Euphorbia esula,TRUE,Euphorbia esula subsp. esula,NA,3,NA,-,NA
Euphorbia exigua,Euphorbia exigua,TRUE,Euphorbia exigua,2,1,NA,NT,NA
Euphorbia helioscopia,Euphorbia helioscopia,TRUE,Euphorbia helioscopia,NA,1,NA,-,NA
Euphorbia illirica,Euphorbia illirica,TRUE,Euphorbia illirica,4,14,NA,VU,NA
Euphorbia lucida,Euphorbia lucida,TRUE,Euphorbia lucida,NA,1,NA,EN,NT
Euphorbia seguieriana,Euphorbia seguieriana,TRUE,Euphorbia seguieriana,NA,18,NA,EN,NA
Euphorbia species,Euphorbia species,FALSE,Euphorbia species,NA,1,NA,NA,NA
Euphorbia virgata,Euphorbia virgata,TRUE,Euphorbia virgata,NA,87,NA,-,NA
Euphrasia officinalis,Euphrasia officinalis,TRUE,Euphrasia officinalis,2,NA,NA,-,NA
Euphrasia officinalis var. rostkoviana,Euphrasia officinalis,TRUE,Euphrasia officinalis var. rostkoviana,NA,12,33,-,NA
Euphrasia species,Euphrasia species,FALSE,Euphrasia species,NA,1,NA,NA,NA
Euphrasia stricta agg.,Euphrasia stricta ssp. stricta,TRUE,Euphrasia stricta subsp. stricta,NA,1,NA,-,NA
Euphrasia stricta ssp. stricta,Euphrasia stricta ssp. stricta,TRUE,Euphrasia stricta subsp. stricta,NA,7,3,-,NA
Euphrasia stricta ssp. tatarica,Euphrasia stricta ssp. tatarica,TRUE,Euphrasia stricta subsp. tatarica,NA,6,NA,EN,NA
Eurhynchium hians,Eurhynchium hians,FALSE,Eurhynchium hians,NA,83,3,NA,NA
Falcaria vulgaris,Falcaria vulgaris,TRUE,Falcaria vulgaris,23,66,NA,-,NA
Fallopia convolvulus,Fallopia convolvulus,TRUE,Fallopia convolvulus,7,13,1,-,NA
Fallopia dumetorum,Fallopia dumetorum,TRUE,Fallopia dumetorum,NA,5,NA,-,NA
Festuca altissima,Festuca altissima,TRUE,Festuca altissima,NA,NA,1,-,NA
Festuca brevipila,Festuca brevipila,TRUE,Festuca brevipila,NA,3,NA,-,NA
Festuca csikhegyensis+pallens,Festuca csikhegyensis+pallens,TRUE,Festuca pallens,NA,123,35,LC,NA
Festuca filiformis,Festuca filiformis,TRUE,Festuca filiformis,NA,34,NA,-,NA
Festuca gigantea,Festuca gigantea,TRUE,Festuca gigantea,NA,3,1,-,NA
Festuca heterophylla,Festuca heterophylla,TRUE,Festuca heterophylla,NA,12,NA,-,NA
Festuca ovina,Festuca ovina,TRUE,Festuca ovina,NA,42,18,NA,NA
Festuca ovina agg.,Festuca ovina,TRUE,Festuca ovina agg.,NA,4,NA,NA,NA
Festuca pallens,Festuca pallens,TRUE,Festuca pallens,NA,52,NA,LC,NA
Festuca arundinacea,Festuca pratensis agg.,TRUE,Festuca arundinacea,13,35,NA,NA,NA
Festuca pratensis,Festuca pratensis agg.,TRUE,Festuca pratensis,75,219,39,NA,NA
Festuca pratensis agg.,Festuca pratensis agg.,TRUE,Festuca pratensis agg.,NA,163,16,NA,NA
Festuca psammophila ssp. dominii,Festuca psammophila ssp. dominii,TRUE,Festuca psammophila subsp. dominii,NA,28,NA,EN,NT
Festuca pseudodalmatica,Festuca pseudodalmatica,TRUE,Festuca pseudodalmatica,NA,8,14,NT,NA
Festuca pulchra,Festuca pulchra,TRUE,Festuca pulchra,NA,20,5,VU,NA
Festuca rubra agg.,Festuca rubra agg.,TRUE,Festuca rubra agg.,194,550,125,NA,NA
Festuca rubra ssp. commutata,Festuca rubra agg.,TRUE,Festuca rubra subsp. commutata,NA,1,2,NA,NA
Festuca rupicola,Festuca rupicola,TRUE,Festuca rupicola,43,564,28,-,NA
Festuca species,Festuca species,FALSE,Festuca species,NA,4,NA,NA,NA
Festuca valesiaca,Festuca valesiaca,TRUE,Festuca valesiaca,NA,126,NA,-,NA
Ficaria verna,Ficaria verna,TRUE,Ficaria verna,NA,2,NA,-,NA
Ficaria verna ssp. verna,Ficaria verna,TRUE,Ficaria verna subsp. verna,NA,4,2,-,NA
Filago arvensis,Filago arvensis,TRUE,Filago arvensis,NA,1,1,NT,NA
Filago minima,Filago minima,TRUE,Filago minima,NA,20,NA,NT,NT
Filago vulgaris,Filago vulgaris,TRUE,Filago vulgaris,NA,11,NA,CR,EN
Filipendula ulmaria,Filipendula ulmaria,TRUE,Filipendula ulmaria,NA,133,66,-,NA
Filipendula vulgaris,Filipendula vulgaris,TRUE,Filipendula vulgaris,64,469,28,-,NA
Fragaria moschata,Fragaria moschata,TRUE,Fragaria moschata,2,61,3,-,NA
Fragaria species,Fragaria species,FALSE,Fragaria species,NA,31,NA,NA,NA
Fragaria x intermedia (F. moschata x vesca),Fragaria species,FALSE,Fragaria x intermedia (F. moschata x vesca),NA,1,NA,NA,NA
Fragaria x neglecta (F. moschata x viridis),Fragaria species,FALSE,Fragaria x neglecta (F. moschata x viridis),NA,1,NA,NA,NA
Fragaria vesca,Fragaria vesca,TRUE,Fragaria vesca,71,66,38,-,NA
Fragaria viridis,Fragaria viridis,TRUE,Fragaria viridis,79,285,10,-,NA
Fraxinus ornus,Fraxinus ornus,TRUE,Fraxinus ornus,NA,NA,1,-,NA
Fumana procumbens,Fumana procumbens,TRUE,Fumana procumbens,NA,29,NA,EN,NT
Gagea lutea,Gagea lutea,TRUE,Gagea lutea,NA,1,NA,-,NA
Gagea pratensis agg.,Gagea pratensis agg.,TRUE,Gagea pratensis agg.,NA,1,NA,NA,NA
Galatella linosyris,Galatella linosyris,TRUE,Galatella linosyris,NA,110,1,NT,NA
Galeobdolon luteum s.lat.,Galeobdolon luteum s.lat.,TRUE,Galeobdolon luteum s.lat.,NA,1,NA,NA,NA
Galeopsis angustifolia,Galeopsis angustifolia,TRUE,Galeopsis angustifolia,NA,NA,1,LC,NA
Galeopsis ladanum,Galeopsis ladanum,TRUE,Galeopsis ladanum,NA,1,NA,NT,NA
Galeopsis pubescens,Galeopsis pubescens,TRUE,Galeopsis pubescens,5,1,NA,-,NA
Galeopsis species,Galeopsis species,FALSE,Galeopsis species,NA,1,5,NA,NA
Galeopsis speciosa,Galeopsis speciosa,TRUE,Galeopsis speciosa,NA,NA,1,-,NA
Galeopsis tetrahit s.lat.,Galeopsis tetrahit s.lat.,TRUE,Galeopsis tetrahit s.lat.,5,7,6,NA,NA
Galeopsis x polychroma (G. pubescens x speciosa),Galeopsis x polychroma (G. pubescens x speciosa),FALSE,Galeopsis x polychroma (G. pubescens x speciosa),NA,1,NA,NA,NA
Galium aparine,Galium aparine,TRUE,Galium aparine,38,29,23,-,NA
Galium boreale ssp. boreale,Galium boreale ssp. boreale,TRUE,Galium boreale subsp. boreale,16,168,12,LC,NA
Galium boreale ssp. exoletum,Galium boreale ssp. exoletum,TRUE,Galium boreale subsp. exoletum,NA,10,NA,VU,NA
Galium glaucum,Galium glaucum,TRUE,Galium glaucum,NA,215,5,NT,NA
Galium intermedium,Galium intermedium,TRUE,Galium intermedium,NA,NA,1,-,NA
Galium mollugo agg.,Galium mollugo agg.,TRUE,Galium mollugo agg.,120,268,37,NA,NA
Galium odoratum,Galium odoratum,TRUE,Galium odoratum,NA,1,1,-,NA
Galium palustre agg.,Galium palustre agg.,TRUE,Galium palustre agg.,NA,58,32,NA,NA
Galium pumilum s.lat.,Galium pumilum s.lat.,TRUE,Galium pumilum s.lat.,5,107,3,NA,NA
Galium rivale,Galium rivale,TRUE,Galium rivale,NA,5,7,LC,NA
Galium species,Galium species,FALSE,Galium species,NA,2,NA,NA,NA
Galium sylvaticum,Galium sylvaticum,TRUE,Galium sylvaticum,NA,2,NA,-,NA
Galium uliginosum,Galium uliginosum,TRUE,Galium uliginosum,15,81,29,-,NA
Galium verum agg.,Galium verum agg.,TRUE,Galium verum agg.,155,552,84,NA,NA
Galium x pomeranicum,Galium verum agg.,TRUE,Galium x pomeranicum,NA,6,NA,NA,NA
Genista germanica,Genista germanica,TRUE,Genista germanica,NA,17,NA,-,NA
Genista pilosa,Genista pilosa,TRUE,Genista pilosa,NA,NA,48,-,NA
Genista species,Genista species,FALSE,Genista species,NA,1,NA,NA,NA
Genista tinctoria,Genista tinctoria,TRUE,Genista tinctoria,17,182,15,-,NA
Gentiana asclepiadea,Gentiana asclepiadea,TRUE,Gentiana asclepiadea,NA,NA,1,LC,NA
Gentiana cruciata,Gentiana cruciata,TRUE,Gentiana cruciata,13,8,1,EN,LC
Gentiana pneumonanthe,Gentiana pneumonanthe,TRUE,Gentiana pneumonanthe,NA,10,NA,EN,NT
Gentianella germanica s.lat.,Gentianella germanica,TRUE,Gentianella germanica,NA,7,9,RE,NA
Gentianopsis ciliata,Gentianopsis ciliata,TRUE,Gentianopsis ciliata,NA,2,NA,VU,LC
Geranium columbinum,Geranium columbinum,TRUE,Geranium columbinum,5,6,NA,-,NA
Geranium dissectum,Geranium dissectum,TRUE,Geranium dissectum,5,3,NA,-,NA
Geranium palustre,Geranium palustre,TRUE,Geranium palustre,NA,21,NA,-,NA
Geranium phaeum,Geranium phaeum,TRUE,Geranium phaeum,NA,1,NA,-,NA
Geranium pratense,Geranium pratense,TRUE,Geranium pratense,NA,31,2,-,NA
Geranium pusillum,Geranium pusillum,TRUE,Geranium pusillum,4,6,NA,-,NA
Geranium pyrenaicum,Geranium pyrenaicum,TRUE,Geranium pyrenaicum,NA,1,NA,-,NA
Geranium robertianum,Geranium robertianum,TRUE,Geranium robertianum,NA,8,2,-,NA
Geranium sanguineum,Geranium sanguineum,TRUE,Geranium sanguineum,15,266,10,NT,NA
Geranium species,Geranium species,FALSE,Geranium species,NA,3,NA,NA,NA
Geranium sylvaticum,Geranium sylvaticum,TRUE,Geranium sylvaticum,NA,2,10,-,NA
Geum montanum,Geum montanum,TRUE,Geum montanum,NA,NA,1,VU,NA
Geum rivale,Geum rivale,TRUE,Geum rivale,NA,20,49,-,NA
Geum urbanum,Geum urbanum,TRUE,Geum urbanum,33,22,1,-,NA
Gladiolus imbricatus,Gladiolus imbricatus,TRUE,Gladiolus imbricatus,NA,33,NA,VU,LC
Gladiolus palustris,Gladiolus palustris,TRUE,Gladiolus palustris,NA,1,NA,EN,CR
Glaux maritima,Glaux maritima,TRUE,Glaux maritima,NA,13,NA,CR,EN
Glechoma hederacea agg.,Glechoma hederacea agg.,TRUE,Glechoma hederacea,NA,2,NA,NA,NA
Glechoma hederacea s.lat.,Glechoma hederacea agg.,TRUE,Glechoma hederacea s.lat.,48,110,12,NA,NA
Globularia bisnagarica,Globularia bisnagarica,TRUE,Globularia bisnagarica,NA,50,7,NT,NA
Glyceria fluitans,Glyceria fluitans,TRUE,Glyceria fluitans,NA,5,NA,-,NA
Glyceria nemoralis,Glyceria nemoralis,TRUE,Glyceria nemoralis,NA,1,NA,NT,NA
Glyceria notata,Glyceria notata,TRUE,Glyceria notata,NA,2,5,-,NA
Glyceria species,Glyceria species,FALSE,Glyceria species,NA,1,NA,NA,NA
Gnaphalium sylvaticum,Gnaphalium sylvaticum,TRUE,Gnaphalium sylvaticum,4,4,1,-,NA
Gratiola officinalis,Gratiola officinalis,TRUE,Gratiola officinalis,NA,27,NA,EN,LC
Gymnadenia conopsea,Gymnadenia conopsea agg.,TRUE,Gymnadenia conopsea,NA,10,NA,EN,LC
Gymnadenia conopsea s.lat.*,Gymnadenia conopsea agg.,TRUE,Gymnadenia conopsea,2,33,8,EN,LC
Gymnadenia densiflora,Gymnadenia conopsea agg.,TRUE,Gymnadenia conopsea,NA,3,NA,EN,LC
Gypsophila muralis,Gypsophila muralis,TRUE,Gypsophila muralis,NA,2,NA,-,NA
Hacquetia epipactis,Hacquetia epipactis,TRUE,Hacquetia epipactis,NA,2,NA,LC,NA
Hedera helix,Hedera helix,TRUE,Hedera helix,NA,2,NA,-,NA
Helianthemum grandiflorum,Helianthemum grandiflorum,TRUE,Helianthemum grandiflorum,2,284,58,-,NA
Helianthemum nummularium ssp. nummularium,Helianthemum grandiflorum,TRUE,Helianthemum nummularium subsp. nummularium,NA,NA,1,-,NA
Helichrysum arenarium,Helichrysum arenarium,TRUE,Helichrysum arenarium,NA,25,NA,EN,NA
Helictochloa pratensis,Helictochloa pratensis,TRUE,Helictochloa pratensis,2,47,1,LC,NA
Helictochloa pratensis ssp. hirtifolia,Helictochloa pratensis,TRUE,Helictochloa pratensis subsp. hirtifolia,NA,12,NA,LC,NA
Helictochloa pratensis ssp. pratensis,Helictochloa pratensis,TRUE,Helictochloa pratensis subsp. pratensis,NA,11,NA,LC,NA
Helictotrichon desertorum ssp. basalticum,Helictotrichon desertorum ssp. basalticum,TRUE,Helictotrichon desertorum subsp. basalticum,NA,19,NA,VU,NA
Hepatica nobilis,Hepatica nobilis,TRUE,Hepatica nobilis,NA,5,NA,-,NA
Heracleum sphondylium,Heracleum sphondylium,TRUE,Heracleum sphondylium,21,73,9,-,NA
Herniaria glabra,Herniaria glabra,TRUE,Herniaria glabra,NA,14,NA,-,NA
Hesperis tristis,Hesperis tristis,TRUE,Hesperis tristis,NA,14,NA,VU,NT
Hieracium alpinum agg.,Hieracium alpinum agg.,TRUE,Hieracium alpinum agg.,NA,NA,1,NA,NA
Hieracium bifidum,Hieracium bifidum,TRUE,Hieracium bifidum,NA,5,NA,NT,NA
Hieracium lachenalii,Hieracium lachenalii,TRUE,Hieracium lachenalii,NA,14,1,-,NA
Hieracium laevigatum,Hieracium laevigatum,TRUE,Hieracium laevigatum,NA,4,NA,-,NA
Hieracium murorum,Hieracium murorum,TRUE,Hieracium murorum,1,11,20,-,NA
Hieracium pilosum,Hieracium pilosum,TRUE,Hieracium pilosum,NA,NA,2,NA,NA
Hieracium sabaudum s.lat.,Hieracium sabaudum s.lat.,TRUE,Hieracium sabaudum s.lat.,22,32,4,NA,NA
Hieracium species,Hieracium species,FALSE,Hieracium species,NA,13,5,NA,NA
Hieracium umbellatum,Hieracium umbellatum,TRUE,Hieracium umbellatum,9,31,NA,-,NA
Hippocrepis comosa,Hippocrepis comosa,TRUE,Hippocrepis comosa,NA,1,26,EN,NA
Holcus lanatus,Holcus lanatus,TRUE,Holcus lanatus,62,264,7,-,NA
Holcus mollis,Holcus mollis,TRUE,Holcus mollis,15,18,NA,-,NA
Holosteum umbellatum,Holosteum umbellatum,TRUE,Holosteum umbellatum,NA,24,NA,-,NA
Homogyne alpina,Homogyne alpina,TRUE,Homogyne alpina,NA,NA,1,-,NA
Hordeum murinum ssp. murinum,Hordeum murinum ssp. murinum,TRUE,Hordeum murinum subsp. murinum,NA,4,NA,-,NA
Humulus lupulus,Humulus lupulus,TRUE,Humulus lupulus,NA,1,NA,-,NA
Hylotelephium telephium agg.,Hylotelephium telephium agg.,TRUE,Hylotelephium maximum,NA,27,2,-,NA
Hypericum hirsutum,Hypericum hirsutum,TRUE,Hypericum hirsutum,1,7,1,-,NA
Hypericum maculatum,Hypericum maculatum,TRUE,Hypericum maculatum,77,138,55,-,NA
Hypericum montanum,Hypericum montanum,TRUE,Hypericum montanum,NA,2,NA,-,NA
Hypericum perforatum,Hypericum perforatum,TRUE,Hypericum perforatum,173,360,31,-,NA
Hypericum species,Hypericum species,FALSE,Hypericum species,NA,1,NA,NA,NA
Hypericum tetrapterum,Hypericum tetrapterum,TRUE,Hypericum tetrapterum,NA,22,2,-,NA
Hypnum cupressiforme agg.,Hypnum cupressiforme agg.,FALSE,Hypnum cupressiforme agg.,NA,96,4,NA,NA
Hypochaeris maculata,Hypochaeris maculata,TRUE,Hypochaeris maculata,15,113,12,VU,NA
Hypochaeris radicata,Hypochaeris radicata,TRUE,Hypochaeris radicata,2,27,4,-,NA
Hypochaeris uniflora,Hypochaeris uniflora,TRUE,Hypochaeris uniflora,NA,NA,1,NT,NA
Impatiens noli-tangere,Impatiens noli-tangere,TRUE,Impatiens noli-tangere,NA,4,5,-,NA
Impatiens parviflora,Impatiens parviflora,TRUE,Impatiens parviflora,1,3,NA,-,NA
Inula britannica,Inula britannica,TRUE,Inula britannica,4,22,NA,-,NA
Inula conyzae,Inula conyzae,TRUE,Inula conyzae,NA,12,2,-,NA
Inula ensifolia,Inula ensifolia,TRUE,Inula ensifolia,NA,119,29,NT,NA
Inula germanica,Inula germanica,TRUE,Inula germanica,NA,2,NA,EN,NT
Inula hirta,Inula hirta,TRUE,Inula hirta,NA,70,NA,NT,NA
Inula oculus-christi,Inula oculus-christi,TRUE,Inula oculus-christi,NA,18,1,NT,NT
Inula salicina,Inula salicina,TRUE,Inula salicina,38,286,1,NT,NA
Inula x stricta (I. ensifolia x salicina),Inula x stricta (I. ensifolia x salicina),FALSE,Inula x stricta (I. ensifolia x salicina),NA,2,NA,NA,NA
Iris aphylla,Iris aphylla,TRUE,Iris aphylla,NA,NA,1,VU,NA
Iris arenaria,Iris arenaria,TRUE,Iris arenaria,NA,17,NA,EN,CR
Iris graminea,Iris graminea,TRUE,Iris graminea,NA,8,NA,VU,NA
Iris pseudacorus,Iris pseudacorus,TRUE,Iris pseudacorus,NA,7,NA,-,NA
Iris pumila,Iris pumila,TRUE,Iris pumila,NA,36,4,VU,NA
Iris sibirica,Iris sibirica,TRUE,Iris sibirica,NA,41,6,VU,NT
Iris variegata,Iris variegata,TRUE,Iris variegata,NA,24,NA,VU,VU
Isolepis setacea,Isolepis setacea,TRUE,Isolepis setacea,NA,1,NA,NT,VU
Jasione montana,Jasione montana,TRUE,Jasione montana,NA,39,NA,-,LC
Jovibarba globifera ssp. globifera,Jovibarba globifera ssp. globifera,TRUE,Jovibarba globifera subsp. globifera,NA,116,1,VU,NA
Jovibarba globifera ssp. hirta,Jovibarba globifera ssp. globifera,TRUE,Jovibarba globifera subsp. hirta,NA,NA,20,VU,NA
Juncus acutiflorus,Juncus acutiflorus,TRUE,Juncus acutiflorus,NA,5,NA,NT,CR
Juncus alpinoarticulatus,Juncus alpinoarticulatus,TRUE,Juncus alpinoarticulatus,NA,1,NA,VU,NA
Juncus articulatus,Juncus articulatus,TRUE,Juncus articulatus,NA,45,6,-,NA
Juncus bufonius,Juncus bufonius,TRUE,Juncus bufonius,NA,8,1,-,NA
Juncus compressus,Juncus compressus,TRUE,Juncus compressus,18,31,NA,-,NA
Juncus conglomeratus,Juncus conglomeratus,TRUE,Juncus conglomeratus,15,36,19,-,NA
Juncus effusus,Juncus effusus,TRUE,Juncus effusus,5,56,41,-,NA
Juncus filiformis,Juncus filiformis,TRUE,Juncus filiformis,NA,12,4,-,LC
Juncus gerardii,Juncus gerardii,TRUE,Juncus gerardii,NA,71,NA,CR,NA
Juncus inflexus,Juncus inflexus,TRUE,Juncus inflexus,NA,85,1,-,NA
Juncus ranarius,Juncus ranarius,TRUE,Juncus ranarius,NA,9,NA,DD,DD
Juncus species,Juncus species,FALSE,Juncus species,NA,2,NA,NA,NA
Juncus tenuis,Juncus tenuis,TRUE,Juncus tenuis,NA,1,1,-,NA
Jurinea mollis,Jurinea mollis,TRUE,Jurinea mollis,NA,37,NA,VU,NA
Kerria species,Kerria species,FALSE,Kerria species,NA,1,NA,NA,NA
Klasea lycopifolia,Klasea lycopifolia,TRUE,Klasea lycopifolia,NA,22,NA,EN,NA
Knautia arvensis agg.,Knautia arvensis agg.,TRUE,Knautia arvensis agg.,61,413,53,NA,NA
Knautia maxima,Knautia maxima,TRUE,Knautia maxima,NA,4,1,LC,NA
Koeleria glauca,Koeleria glauca,TRUE,Koeleria glauca,NA,1,NA,CR,NT
Koeleria macrantha,Koeleria pyramidata s.l.,TRUE,Koeleria macrantha,NA,208,2,NA,NA
Koeleria macrantha+pyramidata,Koeleria pyramidata s.l.,TRUE,Koeleria macrantha+pyramidata,NA,115,2,NA,NA
Koeleria pyramidata,Koeleria pyramidata s.l.,TRUE,Koeleria pyramidata,18,60,NA,NA,NA
Lactuca perennis,Lactuca perennis,TRUE,Lactuca perennis,NA,NA,2,NT,NT
Lactuca serriola,Lactuca serriola,TRUE,Lactuca serriola,7,15,NA,-,NA
Lactuca viminea,Lactuca viminea,TRUE,Lactuca viminea,NA,5,1,NT,NA
Lamium album,Lamium album,TRUE,Lamium album,NA,1,NA,-,NA
Lamium maculatum,Lamium maculatum,TRUE,Lamium maculatum,NA,2,NA,-,NA
Lamium purpureum,Lamium purpureum,TRUE,Lamium purpureum,NA,2,NA,-,NA
Lamium species,Lamium species,FALSE,Lamium species,9,NA,NA,NA,NA
Lappula squarrosa,Lappula squarrosa,TRUE,Lappula squarrosa,NA,5,NA,NT,NA
Lapsana communis,Lapsana communis,TRUE,Lapsana communis,2,3,NA,-,NA
Laser trilobum,Laser trilobum,TRUE,Laser trilobum,NA,NA,1,VU,NT
Laserpitium latifolium,Laserpitium latifolium,TRUE,Laserpitium latifolium,NA,41,4,LC,NA
Laserpitium prutenicum,Laserpitium prutenicum,TRUE,Laserpitium prutenicum,NA,26,NA,VU,NT
Lathyrus hirsutus,Lathyrus hirsutus,TRUE,Lathyrus hirsutus,3,NA,NA,-,NT
Lathyrus latifolius,Lathyrus latifolius,TRUE,Lathyrus latifolius,18,165,1,NT,NA
Lathyrus niger,Lathyrus niger,TRUE,Lathyrus niger,9,101,2,-,NA
Lathyrus palustris,Lathyrus palustris,TRUE,Lathyrus palustris,NA,3,NA,EN,VU
Lathyrus pannonicus,Lathyrus pannonicus,TRUE,Lathyrus pannonicus,NA,9,NA,EN,EN
Lathyrus pratensis,Lathyrus pratensis,TRUE,Lathyrus pratensis,89,391,57,-,NA
Lathyrus sylvestris,Lathyrus sylvestris,TRUE,Lathyrus sylvestris,2,3,4,-,NA
Lathyrus tuberosus,Lathyrus tuberosus,TRUE,Lathyrus tuberosus,51,58,1,-,NA
Lathyrus vernus,Lathyrus vernus,TRUE,Lathyrus vernus,NA,3,NA,-,NA
Lemna minor,Lemna minor,TRUE,Lemna minor,NA,3,1,-,NA
Leontodon hispidus,Leontodon hispidus,TRUE,Leontodon hispidus,18,349,68,-,NA
Leontodon hispidus var. glabratus,Leontodon hispidus,TRUE,Leontodon hispidus var. glabratus,NA,8,7,-,NA
Leontodon hispidus var. hispidus,Leontodon hispidus,TRUE,Leontodon hispidus var. hispidus,NA,17,NA,-,NA
Leontodon incanus,Leontodon incanus,TRUE,Leontodon incanus,NA,NA,37,NA,NA
Leontodon species,Leontodon species,FALSE,Leontodon species,NA,2,NA,NA,NA
Lepidium campestre,Lepidium campestre,TRUE,Lepidium campestre,NA,6,NA,-,NA
Lepidium ruderale,Lepidium ruderale,TRUE,Lepidium ruderale,NA,1,NA,-,NA
Leucanthemum vulgare agg.,Leucanthemum vulgare agg.,TRUE,Leucanthemum vulgare agg.,71,399,83,NA,NA
Leucojum aestivum,Leucojum aestivum,TRUE,Leucojum aestivum,NA,1,NA,EN,NT
Libanotis pyrenaica,Libanotis pyrenaica,TRUE,Libanotis pyrenaica,NA,34,NA,NT,NA
Lilium bulbiferum,Lilium bulbiferum,TRUE,Lilium bulbiferum,NA,4,8,-,NA
Lilium martagon,Lilium martagon,TRUE,Lilium martagon,NA,53,3,LC,LC
Linaria genistifolia,Linaria genistifolia,TRUE,Linaria genistifolia,NA,70,8,NT,NA
Linaria vulgaris,Linaria vulgaris,TRUE,Linaria vulgaris,30,28,1,-,NA
Linum austriacum,Linum austriacum,TRUE,Linum austriacum,NA,1,NA,DD,NA
Linum catharticum,Linum catharticum,TRUE,Linum catharticum,35,311,38,-,NA
Linum flavum,Linum flavum,TRUE,Linum flavum,NA,21,NA,VU,NT
Linum hirsutum,Linum hirsutum,TRUE,Linum hirsutum,NA,4,NA,EN,NA
Linum tenuifolium,Linum tenuifolium,TRUE,Linum tenuifolium,NA,60,NA,NT,NA
Listera ovata,Listera ovata,TRUE,Listera ovata,2,38,6,LC,LC
Lithospermum officinale,Lithospermum officinale,TRUE,Lithospermum officinale,NA,1,NA,VU,NA
Lolium multiflorum,Lolium multiflorum,TRUE,Lolium multiflorum,NA,1,NA,-,NA
Lolium perenne,Lolium perenne,TRUE,Lolium perenne,4,54,NA,-,NA
Lonicera caprifolium,Lonicera caprifolium,TRUE,Lonicera caprifolium,NA,1,NA,-,NA
Lotus borbasii,Lotus borbasii,TRUE,Lotus borbasii,NA,10,NA,VU,NT
Lotus corniculatus,Lotus corniculatus,TRUE,Lotus corniculatus,49,473,86,-,NA
Lotus maritimus,Lotus maritimus,TRUE,Lotus maritimus,NA,44,NA,NT,NA
Lotus pedunculatus,Lotus pedunculatus,TRUE,Lotus pedunculatus,NA,7,NA,-,NA
Lotus tenuis,Lotus tenuis,TRUE,Lotus tenuis,NA,97,NA,NT,NA
Lupinus polyphyllus,Lupinus polyphyllus,TRUE,Lupinus polyphyllus,4,NA,NA,-,NA
Luzula campestris agg.,Luzula campestris agg.,TRUE,Luzula campestris agg.,59,340,74,NA,NA
Luzula luzuloides,Luzula luzuloides,TRUE,Luzula luzuloides,NA,21,30,-,NA
Luzula pilosa,Luzula pilosa,TRUE,Luzula pilosa,NA,2,NA,-,NA
Lychnis flos-cuculi,Lychnis flos-cuculi,TRUE,Lychnis flos-cuculi,25,154,51,-,NA
Lycopus europaeus,Lycopus europaeus,TRUE,Lycopus europaeus,NA,27,11,-,NA
Lycopus exaltatus,Lycopus exaltatus,TRUE,Lycopus exaltatus,NA,1,NA,EN,LC
Lycopus species,Lycopus species,FALSE,Lycopus species,NA,1,NA,NA,NA
Lysimachia nemorum,Lysimachia nemorum,TRUE,Lysimachia nemorum,NA,NA,3,-,NA
Lysimachia nummularia,Lysimachia nummularia,TRUE,Lysimachia nummularia,9,131,26,-,NA
Lysimachia vulgaris,Lysimachia vulgaris,TRUE,Lysimachia vulgaris,12,125,28,-,NA
Lythrum salicaria,Lythrum salicaria,TRUE,Lythrum salicaria,15,60,10,-,NA
Lythrum virgatum,Lythrum virgatum,TRUE,Lythrum virgatum,NA,55,NA,EN,NA
Maianthemum bifolium,Maianthemum bifolium,TRUE,Maianthemum bifolium,NA,4,NA,-,NA
Malva sylvestris var. sylvestris,Malva sylvestris var. sylvestris,TRUE,Malva sylvestris var. sylvestris,3,2,NA,-,NA
Marrubium vulgare,Marrubium vulgare,TRUE,Marrubium vulgare,NA,1,NA,CR,NT
Matricaria discoidea,Matricaria discoidea,TRUE,Matricaria discoidea,NA,5,NA,-,NA
Medicago falcata,Medicago falcata,TRUE,Medicago falcata,6,254,13,-,NA
Medicago lupulina,Medicago lupulina,TRUE,Medicago lupulina,27,130,19,-,NA
Medicago minima,Medicago minima,TRUE,Medicago minima,NA,38,2,NT,NA
Medicago monspeliaca,Medicago monspeliaca,TRUE,Medicago monspeliaca,NA,1,NA,EN,VU
Medicago prostrata,Medicago prostrata,TRUE,Medicago prostrata,NA,10,4,EN,VU
Medicago sativa,Medicago sativa,TRUE,Medicago sativa,NA,14,1,-,NA
Medicago x varia,Medicago x varia,TRUE,Medicago x varia,NA,1,NA,NA,NA
Melampyrum arvense,Melampyrum arvense,TRUE,Melampyrum arvense,3,40,NA,VU,NA
Melampyrum cristatum,Melampyrum cristatum,TRUE,Melampyrum cristatum,16,52,4,VU,NT
Melampyrum cristatum var. solstitiale,Melampyrum cristatum,TRUE,Melampyrum cristatum,NA,3,NA,VU,NT
Melampyrum nemorosum,Melampyrum nemorosum agg.,TRUE,Melampyrum nemorosum,NA,45,5,NA,NA
Melampyrum nemorosum agg.,Melampyrum nemorosum agg.,TRUE,Melampyrum nemorosum agg.,NA,3,NA,NA,NA
Melampyrum nemorosum var. praecox,Melampyrum nemorosum agg.,TRUE,Melampyrum nemorosum var. praecox,NA,12,NA,EN,NA
Melampyrum pratense,Melampyrum pratense,TRUE,Melampyrum pratense,NA,8,NA,-,NA
Melica ciliata,Melica ciliata,TRUE,Melica ciliata,NA,96,12,NT,NA
Melica nutans,Melica nutans,TRUE,Melica nutans,NA,3,5,-,NA
Melica transsilvanica,Melica transsilvanica,TRUE,Melica transsilvanica,6,6,NA,LC,NA
Melica uniflora,Melica uniflora,TRUE,Melica uniflora,NA,2,NA,-,NA
Melilotus albus,Melilotus albus,TRUE,Melilotus albus,2,7,NA,-,NA
Melilotus dentatus,Melilotus dentatus,TRUE,Melilotus dentatus,NA,49,NA,EN,NA
Melilotus officinalis,Melilotus officinalis,TRUE,Melilotus officinalis,17,30,5,-,NA
Melilotus species,Melilotus species,FALSE,Melilotus species,NA,1,NA,NA,NA
Melittis melissophyllum,Melittis melissophyllum,TRUE,Melittis melissophyllum,NA,6,2,LC,NA
Mentha aquatica,Mentha aquatica,TRUE,Mentha aquatica,NA,16,8,-,NA
Mentha arvensis,Mentha arvensis,TRUE,Mentha arvensis,7,29,20,-,NA
Mentha longifolia,Mentha longifolia,TRUE,Mentha longifolia,11,54,26,-,NA
Mentha pulegium,Mentha pulegium,TRUE,Mentha pulegium,NA,49,NA,CR,NA
Mentha species,Mentha species,FALSE,Mentha species,NA,4,1,NA,NA
Mentha x verticillata agg.,Mentha x verticillata agg.,TRUE,Mentha x verticillata agg.,NA,1,NA,NA,NA
Mentha x verticillata s.lat.,Mentha x verticillata agg.,TRUE,Mentha x verticillata s.lat.,NA,1,NA,NA,NA
Menyanthes trifoliata,Menyanthes trifoliata,TRUE,Menyanthes trifoliata,NA,2,NA,NT,NT
Mercurialis annua,Mercurialis annua,TRUE,Mercurialis annua,NA,1,NA,-,NA
Mercurialis perennis,Mercurialis perennis,TRUE,Mercurialis perennis,NA,NA,1,-,NA
Microrrhinum minus,Microrrhinum minus,TRUE,Microrrhinum minus,NA,1,NA,-,NA
Microthlaspi perfoliatum,Microthlaspi perfoliatum,TRUE,Microthlaspi perfoliatum,1,43,1,-,NA
Milium effusum,Milium effusum,TRUE,Milium effusum,NA,1,NA,-,NA
Mimulus guttatus,Mimulus guttatus,TRUE,Mimulus guttatus,NA,NA,1,-,NA
Minuartia glomerata,Minuartia glomerata,TRUE,Minuartia glomerata,NA,NA,4,NA,NA
Minuartia rubra,Minuartia rubra,TRUE,Minuartia rubra,NA,16,NA,EN,NA
Minuartia setacea,Minuartia setacea,TRUE,Minuartia setacea,NA,96,NA,NT,NT
Minuartia viscosa,Minuartia viscosa,TRUE,Minuartia viscosa,NA,5,NA,RE,RE
Moehringia trinervia,Moehringia trinervia,TRUE,Moehringia trinervia,1,1,NA,-,NA
Molinia caerulea agg.,Molinia caerulea agg.,TRUE,Molinia caerulea agg.,NA,11,NA,NA,NA
Molinia caerulea s.lat.,Molinia caerulea agg.,TRUE,Molinia caerulea agg.,11,217,11,NA,NA
Muscari comosum,Muscari comosum,TRUE,Muscari comosum,NA,14,2,NT,NA
Muscari species,Muscari species,FALSE,Muscari species,NA,1,NA,NA,NA
Muscari tenuiflorum,Muscari tenuiflorum,TRUE,Muscari tenuiflorum,NA,4,2,VU,DD
Mycelis muralis,Mycelis muralis,TRUE,Mycelis muralis,NA,NA,5,-,NA
Myosotis arvensis,Myosotis arvensis,TRUE,Myosotis arvensis,70,159,NA,-,NA
Myosotis palustris agg.,Myosotis palustris agg.,TRUE,Myosotis palustris agg.,9,83,94,NA,NA
Myosotis ramosissima,Myosotis ramosissima,TRUE,Myosotis ramosissima,NA,27,2,-,NA
Myosotis stricta,Myosotis stricta,TRUE,Myosotis stricta,NA,28,NA,-,NA
Myosotis sylvatica,Myosotis sylvatica,TRUE,Myosotis sylvatica,1,7,8,-,NA
Myosoton aquaticum,Myosoton aquaticum,TRUE,Myosoton aquaticum,NA,NA,2,-,NA
Nardus stricta,Nardus stricta,TRUE,Nardus stricta,27,54,68,-,NA
Neottia nidus-avis,Neottia nidus-avis,TRUE,Neottia nidus-avis,NA,NA,2,NT,NA
Nepeta nuda,Nepeta nuda,TRUE,Nepeta nuda,NA,2,NA,VU,NA
Neslia paniculata,Neslia paniculata,TRUE,Neslia paniculata,NA,1,NA,-,NA
Noccaea caerulescens,Noccaea caerulescens,TRUE,Noccaea caerulescens,NA,NA,6,-,NA
Nonea pulla,Nonea pulla,TRUE,Nonea pulla,NA,6,NA,LC,NA
Odontites luteus,Odontites luteus,TRUE,Odontites luteus,NA,44,NA,VU,NA
Odontites vernus,Odontites vernus,TRUE,Odontites vernus,16,75,NA,-,VU
Oenanthe aquatica,Oenanthe aquatica,TRUE,Oenanthe aquatica,NA,1,NA,-,NA
Oenothera biennis s.lat.,Oenothera biennis s.lat.,TRUE,Oenothera biennis s.lat.,NA,6,NA,NA,NA
Onobrychis arenaria,Onobrychis viciifolia agg.,TRUE,Onobrychis arenaria,NA,41,2,NA,NA
Onobrychis viciifolia,Onobrychis viciifolia agg.,TRUE,Onobrychis viciifolia,NA,21,4,NA,NA
Onobrychis viciifolia agg.,Onobrychis viciifolia agg.,TRUE,Onobrychis viciifolia agg.,NA,7,NA,NA,NA
Ononis arvensis,Ononis arvensis,TRUE,Ononis arvensis,NA,17,1,VU,NA
Ononis spinosa,Ononis spinosa,TRUE,Ononis spinosa,15,125,5,-,NA
Onosma arenaria,Onosma arenaria,TRUE,Onosma arenaria,NA,NA,3,CR,CR
Ophioglossum vulgatum,Ophioglossum vulgatum,TRUE,Ophioglossum vulgatum,7,16,2,VU,NT
Ophrys holoserica,Ophrys holoserica,TRUE,Ophrys holoserica,NA,1,NA,CR,CR
Ophrys insectifera,Ophrys insectifera,TRUE,Ophrys insectifera,NA,NA,3,EN,NT
Orchis coriophora,Orchis coriophora,TRUE,Orchis coriophora,NA,NA,1,RE,NA
Orchis mascula,Orchis mascula,TRUE,Orchis mascula,NA,7,NA,EN,VU
Orchis mascula ssp. speciosa,Orchis mascula,TRUE,Orchis mascula,NA,2,1,EN,VU
Orchis militaris,Orchis militaris,TRUE,Orchis militaris,NA,12,NA,EN,NT
Orchis morio,Orchis morio,TRUE,Orchis morio,NA,2,1,CR,NA
Orchis palustris,Orchis palustris,TRUE,Orchis palustris,NA,13,NA,CR,NA
Orchis purpurea,Orchis purpurea,TRUE,Orchis purpurea,NA,1,NA,EN,NT
Orchis ustulata,Orchis ustulata,TRUE,Orchis ustulata,3,13,NA,CR,NA
Origanum vulgare,Origanum vulgare,TRUE,Origanum vulgare,12,82,5,-,NA
Orlaya grandiflora,Orlaya grandiflora,TRUE,Orlaya grandiflora,NA,2,NA,EN,NT
Ornithogalum angustifolium,Ornithogalum angustifolium,TRUE,Ornithogalum angustifolium,NA,6,3,NT,NA
Ornithogalum brevistylum,Ornithogalum brevistylum,TRUE,Ornithogalum brevistylum,NA,4,NA,EN,NT
Ornithogalum species,Ornithogalum species,FALSE,Ornithogalum species,NA,2,NA,NA,NA
Ornithogalum umbellatum s.lat.,Ornithogalum umbellatum,TRUE,Ornithogalum umbellatum,1,29,NA,DD,NA
Orobanche alba,Orobanche alba,TRUE,Orobanche alba,NA,23,NA,LC,NA
Orobanche alsatica,Orobanche alsatica,TRUE,Orobanche alsatica,NA,2,NA,VU,VU
Orobanche artemisiae-campestris,Orobanche artemisiae-campestris,TRUE,Orobanche artemisiae-campestris,NA,1,NA,EN,CR
Orobanche caryophyllacea,Orobanche caryophyllacea,TRUE,Orobanche caryophyllacea,NA,1,NA,NT,NA
Orobanche elatior,Orobanche elatior,TRUE,Orobanche elatior,NA,9,NA,VU,CR
Orobanche lutea,Orobanche lutea,TRUE,Orobanche lutea,NA,3,1,NT,NT
Orobanche species,Orobanche species,FALSE,Orobanche species,NA,4,NA,NA,NA
Orobanche teucrii,Orobanche teucrii,TRUE,Orobanche teucrii,NA,2,NA,CR,EN
Oxalis acetosella,Oxalis acetosella,TRUE,Oxalis acetosella,NA,3,NA,-,NA
Oxalis stricta,Oxalis stricta,TRUE,Oxalis stricta,1,4,NA,-,NA
Oxytropis pilosa,Oxytropis pilosa,TRUE,Oxytropis pilosa,NA,36,NA,NT,NA
Papaver dubium agg.,Papaver dubium agg.,TRUE,Papaver dubium agg.,NA,2,NA,NA,NA
Papaver rhoeas,Papaver rhoeas,TRUE,Papaver rhoeas,NA,3,NA,-,NA
Papaver species,Papaver species,FALSE,Papaver species,1,NA,NA,NA,NA
Paris quadrifolia,Paris quadrifolia,TRUE,Paris quadrifolia,NA,NA,1,-,NA
Parnassia palustris,Parnassia palustris,TRUE,Parnassia palustris,NA,5,NA,EN,NA
Pastinaca sativa,Pastinaca sativa,TRUE,Pastinaca sativa,23,37,2,-,NA
Pedicularis exaltata,Pedicularis exaltata,TRUE,Pedicularis exaltata,NA,6,NA,CR,NA
Pedicularis sylvatica,Pedicularis sylvatica,TRUE,Pedicularis sylvatica,NA,2,NA,VU,NA
Persicaria amphibia,Persicaria amphibia,TRUE,Persicaria amphibia,NA,18,NA,-,NA
Persicaria hydropiper,Persicaria hydropiper,TRUE,Persicaria hydropiper,NA,2,4,-,NA
Persicaria lapathifolia,Persicaria lapathifolia,TRUE,Persicaria lapathifolia,NA,4,NA,-,NA
Persicaria maculosa,Persicaria maculosa,TRUE,Persicaria maculosa,NA,4,NA,-,NA
Persicaria mitis,Persicaria mitis,TRUE,Persicaria mitis,NA,1,NA,-,NA
Persicaria species,Persicaria species,FALSE,Persicaria species,NA,1,NA,NA,NA
Petasites hybridus,Petasites hybridus,TRUE,Petasites hybridus,NA,12,1,-,NA
Petrorhagia prolifera,Petrorhagia prolifera,TRUE,Petrorhagia prolifera,NA,6,1,NT,NA
Peucedanum alsaticum,Peucedanum alsaticum,TRUE,Peucedanum alsaticum,NA,62,1,NT,NA
Peucedanum austriacum,Peucedanum austriacum,TRUE,Peucedanum austriacum,NA,2,NA,DD,NA
Peucedanum cervaria,Peucedanum cervaria,TRUE,Peucedanum cervaria,3,267,14,LC,NA
Peucedanum oreoselinum,Peucedanum oreoselinum,TRUE,Peucedanum oreoselinum,NA,3,NA,NT,NA
Peucedanum palustre,Peucedanum palustre,TRUE,Peucedanum palustre,NA,1,NA,-,NT
Peucedanum species,Peucedanum species,FALSE,Peucedanum species,NA,1,NA,NA,NA
Phalaris arundinacea,Phalaris arundinacea,TRUE,Phalaris arundinacea,4,18,NA,-,NA
Phelipanche purpurea,Phelipanche purpurea,TRUE,Phelipanche purpurea,NA,1,NA,EN,NT
Phleum hirsutum,Phleum hirsutum,TRUE,Phleum hirsutum,NA,NA,1,NA,NA
Phleum nodosum,Phleum nodosum,TRUE,Phleum nodosum,NA,1,NA,-,NA
Phleum phleoides,Phleum phleoides,TRUE,Phleum phleoides,NA,119,6,-,NA
Phleum pratense,Phleum pratense,TRUE,Phleum pratense,17,83,5,NA,NA
Phleum pratense agg.,Phleum pratense,TRUE,Phleum pratense agg.,NA,1,NA,NA,NA
Phlomis tuberosa,Phlomis tuberosa,TRUE,Phlomis tuberosa,NA,4,NA,VU,NT
Phragmites australis,Phragmites australis,TRUE,Phragmites australis,NA,66,NA,-,NA
Physalis alkekengi,Physalis alkekengi,TRUE,Physalis alkekengi,7,NA,NA,-,NA
Phyteuma nigrum,Phyteuma nigrum,TRUE,Phyteuma nigrum,NA,2,NA,LC,NA
Phyteuma orbiculare,Phyteuma orbiculare,TRUE,Phyteuma orbiculare,NA,NA,16,EN,NA
Phyteuma spicatum,Phyteuma spicatum,TRUE,Phyteuma spicatum,NA,17,6,-,NA
Picris hieracioides,Picris hieracioides,TRUE,Picris hieracioides,65,69,2,-,NA
Pilosella bauhini,Pilosella bauhini,TRUE,Pilosella bauhini,NA,61,37,-,NA
Pilosella brachiata,Pilosella brachiata,TRUE,Pilosella brachiata,NA,2,NA,-,NA
Pilosella caespitosa agg.,Pilosella caespitosa agg.,TRUE,Pilosella caespitosa agg.,NA,1,NA,NA,NA
Pilosella densiflora,Pilosella densiflora,TRUE,Pilosella densiflora,NA,6,NA,NT,NA
Pilosella echioides,Pilosella echioides,TRUE,Pilosella echioides,NA,4,NA,VU,VU
Pilosella lactucella,Pilosella lactucella,TRUE,Pilosella lactucella,NA,2,NA,EN,NA
Pilosella officinarum,Pilosella officinarum,TRUE,Pilosella officinarum,4,118,43,-,NA
Pilosella piloselloides,Pilosella piloselloides,TRUE,Pilosella piloselloides,NA,2,NA,-,NA
Pilosella rothiana,Pilosella rothiana,TRUE,Pilosella rothiana,NA,1,NA,LC,DD
Pimpinella major,Pimpinella major,TRUE,Pimpinella major,NA,57,5,-,NA
Pimpinella saxifraga,Pimpinella saxifraga,TRUE,Pimpinella saxifraga,66,338,88,-,NA
Plagiomnium affine s.lat.,Plagiomnium affine s.lat.,FALSE,Plagiomnium affine s.lat.,NA,118,56,NA,NA
Plagiomnium elatum,Plagiomnium elatum,FALSE,Plagiomnium elatum,NA,NA,7,NA,NA
Plantago arenaria,Plantago arenaria,TRUE,Plantago arenaria,NA,2,NA,EN,NT
Plantago lanceolata,Plantago lanceolata,TRUE,Plantago lanceolata,78,599,73,-,NA
Plantago major,Plantago major,TRUE,Plantago major,13,105,NA,-,NA
Plantago maritima,Plantago maritima,TRUE,Plantago maritima,NA,35,NA,CR,VU
Plantago media,Plantago media,TRUE,Plantago media,20,437,65,-,NA
Plantago species,Plantago species,FALSE,Plantago species,NA,1,NA,NA,NA
Plantago uliginosa,Plantago uliginosa,TRUE,Plantago uliginosa,NA,39,NA,-,NA
Plantanthera bifolia,Plantanthera bifolia,TRUE,Plantanthera bifolia,NA,3,NA,NA,NA
Platanthera bifolia,Platanthera bifolia,TRUE,Platanthera bifolia,NA,16,4,VU,NA
Platanthera chlorantha,Platanthera chlorantha,TRUE,Platanthera chlorantha,NA,3,NA,VU,NT
Platanthera species,Platanthera species,FALSE,Platanthera species,NA,2,NA,NA,NA
Poa annua,Poa annua,TRUE,Poa annua,NA,19,NA,-,NA
Poa badensis,Poa badensis,TRUE,Poa badensis,NA,88,NA,VU,NA
Poa bulbosa,Poa bulbosa,TRUE,Poa bulbosa,NA,42,NA,-,NA
Poa chaixii,Poa chaixii,TRUE,Poa chaixii,NA,2,4,-,NA
Poa compressa,Poa compressa,TRUE,Poa compressa,21,46,3,-,NA
Poa nemoralis,Poa nemoralis,TRUE,Poa nemoralis,NA,12,1,-,NA
Poa palustris,Poa palustris,TRUE,Poa palustris,36,46,6,-,NA
Poa pannonica ssp. scabra,Poa pannonica ssp. scabra,TRUE,Poa pannonica subsp. scabra,NA,NA,31,NA,NA
Poa pratensis agg.,Poa pratensis agg.,TRUE,Poa pratensis agg.,251,135,25,NA,NA
Poa pratensis s.lat.,Poa pratensis agg.,TRUE,Poa pratensis s.lat.,NA,492,40,NA,NA
Poa supina,Poa supina,TRUE,Poa supina,NA,NA,1,-,NA
Poa trivialis,Poa trivialis,TRUE,Poa trivialis,30,217,76,-,NA
Polycnemum majus,Polycnemum majus,TRUE,Polycnemum majus,NA,NA,2,CR,NT
Polygala amara ssp. brachyptera,Polygala amara ssp. brachyptera,TRUE,Polygala amara subsp. brachyptera,NA,NA,15,EN,NA
Polygala amarella,Polygala amarella,TRUE,Polygala amarella,NA,4,NA,EN,NA
Polygala comosa,Polygala comosa,TRUE,Polygala comosa,3,56,2,-,NA
Polygala major,Polygala major,TRUE,Polygala major,NA,109,8,NT,NA
Polygala multicaulis,Polygala multicaulis,TRUE,Polygala multicaulis,NA,12,NA,NT,NA
Polygala species,Polygala species,FALSE,Polygala species,NA,2,NA,NA,NA
Polygala vulgaris,Polygala vulgaris,TRUE,Polygala vulgaris,6,43,31,-,NA
Polygonatum multiflorum,Polygonatum multiflorum,TRUE,Polygonatum multiflorum,NA,2,NA,-,NA
Polygonatum odoratum,Polygonatum odoratum,TRUE,Polygonatum odoratum,NA,49,10,-,NA
Polygonum aviculare agg.,Polygonum aviculare agg.,TRUE,Polygonum aviculare agg.,2,28,NA,NA,NA
Polygonum species,Polygonum aviculare agg.,TRUE,Polygonum species,NA,NA,3,NA,NA
Potentilla alba,Potentilla alba,TRUE,Potentilla alba,16,290,5,VU,NA
Potentilla anserina,Potentilla anserina,TRUE,Potentilla anserina,24,114,NA,-,NA
Potentilla argentea,Potentilla argentea,TRUE,Potentilla argentea,9,40,1,-,NA
Potentilla aurea,Potentilla aurea,TRUE,Potentilla aurea,NA,NA,1,NT,NA
Potentilla collina,Potentilla collina,TRUE,Potentilla collina,NA,2,NA,CR,NA
Potentilla erecta,Potentilla erecta,TRUE,Potentilla erecta,46,241,87,-,NA
Potentilla heptaphylla,Potentilla heptaphylla agg.,TRUE,Potentilla heptaphylla,18,225,50,-,NA
Potentilla heptaphylla agg.,Potentilla heptaphylla agg.,TRUE,Potentilla heptaphylla,NA,3,NA,-,NA
Potentilla incana,Potentilla incana,TRUE,Potentilla incana,NA,288,25,NT,NA
Potentilla inclinata,Potentilla inclinata,TRUE,Potentilla inclinata,NA,1,NA,-,NA
Potentilla puberula,Potentilla puberula,TRUE,Potentilla puberula,NA,7,NA,LC,NA
Potentilla recta,Potentilla recta,TRUE,Potentilla recta,NA,9,4,LC,NA
Potentilla reptans,Potentilla reptans,TRUE,Potentilla reptans,67,113,NA,-,NA
Potentilla supina,Potentilla supina,TRUE,Potentilla supina,NA,3,NA,-,NA
Potentilla supina ssp. supina,Potentilla supina,TRUE,Potentilla supina,NA,4,NA,-,NA
Potentilla tommasiniana,Potentilla tommasiniana,TRUE,Potentilla tommasiniana,NA,NA,2,NA,NT
Potentilla verna,Potentilla verna,TRUE,Potentilla verna,NA,45,2,-,NA
Primula elatior,Primula elatior,TRUE,Primula elatior,NA,10,10,-,NA
Primula veris,Primula veris,TRUE,Primula veris,72,371,35,LC,NA
Primula vulgaris,Primula vulgaris,TRUE,Primula vulgaris,NA,NA,7,-,NA
Prunella grandiflora,Prunella grandiflora,TRUE,Prunella grandiflora,NA,143,29,NT,NA
Prunella laciniata,Prunella laciniata,TRUE,Prunella laciniata,7,29,7,NT,NA
Prunella species,Prunella species,FALSE,Prunella species,NA,6,NA,NA,NA
Prunella vulgaris,Prunella vulgaris,TRUE,Prunella vulgaris,50,248,56,-,NA
Prunella x dissecta (P. grandiflora x laciniata),Prunella x dissecta (P. grandiflora x laciniata),TRUE,Prunella x dissecta (P. grandiflora x laciniata),NA,4,NA,NA,NA
Prunella x intermedia (P. laciniata x vulgaris),Prunella x intermedia (P. laciniata x vulgaris),TRUE,Prunella x intermedia (P. laciniata x vulgaris),NA,2,NA,NA,NA
Prunus fruticosa,Prunus fruticosa,TRUE,Prunus fruticosa,NA,2,NA,EN,NT
Prunus x eminens,Prunus x eminens,TRUE,Prunus x eminens,NA,4,NA,NA,NA
Pseudorchis albida,Pseudorchis albida,TRUE,Pseudorchis albida,NA,NA,3,EN,NT
Puccinellia distans,Puccinellia distans,TRUE,Puccinellia distans,NA,60,NA,CR,NA
Pulicaria dysenterica,Pulicaria dysenterica,TRUE,Pulicaria dysenterica,NA,4,NA,EN,NT
Pulicaria vulgaris,Pulicaria vulgaris,TRUE,Pulicaria vulgaris,NA,11,NA,CR,LC
Pulmonaria angustifolia,Pulmonaria angustifolia,TRUE,Pulmonaria angustifolia,16,79,4,VU,EN
Pulmonaria mollis,Pulmonaria mollis,TRUE,Pulmonaria mollis,NA,150,1,NT,NA
Pulmonaria officinalis agg.,Pulmonaria officinalis agg.,TRUE,Pulmonaria officinalis agg.,8,NA,NA,NA,NA
Pulmonaria officinalis s.lat.,Pulmonaria officinalis agg.,TRUE,Pulmonaria officinalis s.lat.,NA,7,3,NA,NA
Pulsatilla grandis,Pulsatilla grandis,TRUE,Pulsatilla grandis,NA,23,1,VU,NT
Pulsatilla pratensis ssp. bohemica,Pulsatilla pratensis ssp. bohemica,TRUE,Pulsatilla pratensis subsp. bohemica,NA,3,NA,VU,NT
Pulsatilla slavica,Pulsatilla slavica,TRUE,Pulsatilla slavica,NA,NA,28,-,NT
Pyrola minor,Pyrola minor,TRUE,Pyrola minor,NA,1,NA,NT,NA
Ranunculus acris,Ranunculus acris,TRUE,Ranunculus acris,41,295,115,-,NA
Ranunculus auricomus agg.,Ranunculus auricomus agg.,TRUE,Ranunculus auricomus agg.,26,98,12,NA,NA
Ranunculus auricomus group s.lat.,Ranunculus auricomus agg.,TRUE,Ranunculus auricomus agg.,NA,103,51,NA,NA
Ranunculus bulbosus,Ranunculus bulbosus,TRUE,Ranunculus bulbosus,6,46,9,-,NA
Ranunculus flammula,Ranunculus flammula,TRUE,Ranunculus flammula,NA,5,5,-,NA
Ranunculus illyricus,Ranunculus illyricus,TRUE,Ranunculus illyricus,NA,18,NA,VU,NT
Ranunculus lanuginosus,Ranunculus lanuginosus,TRUE,Ranunculus lanuginosus,NA,1,NA,-,NA
Ranunculus nemorosus,Ranunculus nemorosus,TRUE,Ranunculus nemorosus,NA,15,NA,-,NA
Ranunculus polyanthemos,Ranunculus polyanthemos,TRUE,Ranunculus polyanthemos,33,370,10,NA,NA
Ranunculus polyanthemos agg.,Ranunculus polyanthemos,TRUE,Ranunculus polyanthemos agg.,NA,2,NA,NA,NA
Ranunculus repens,Ranunculus repens,TRUE,Ranunculus repens,18,187,35,-,NA
Ranunculus sardous,Ranunculus sardous,TRUE,Ranunculus sardous,NA,15,NA,EN,NA
Ranunculus sceleratus,Ranunculus sceleratus,TRUE,Ranunculus sceleratus,NA,1,NA,-,NA
Ranunculus x polyanthemoides,Ranunculus x polyanthemoides,FALSE,Ranunculus x polyanthemoides,NA,2,NA,NA,NA
Raphanus raphanistrum,Raphanus raphanistrum,TRUE,Raphanus raphanistrum,NA,1,NA,-,NA
Rapistrum perenne,Rapistrum perenne,TRUE,Rapistrum perenne,NA,20,NA,NT,NA
Reseda lutea,Reseda lutea,TRUE,Reseda lutea,NA,12,NA,-,NA
Reseda luteola,Reseda luteola,TRUE,Reseda luteola,NA,3,NA,VU,NA
Rhinanthus alectorolophus,Rhinanthus alectorolophus,FALSE,Rhinanthus alectorolophus,78,3,NA,VU,NA
Rhinanthus major,Rhinanthus major,FALSE,Rhinanthus major,64,31,5,-,NA
Rhinanthus minor,Rhinanthus minor,FALSE,Rhinanthus minor,7,163,54,-,NA
Rorippa austriaca,Rorippa austriaca,TRUE,Rorippa austriaca,NA,6,NA,-,NA
Rorippa sylvestris,Rorippa sylvestris,TRUE,Rorippa sylvestris,NA,8,NA,-,NA
Rorippa x anceps,Rorippa x anceps,TRUE,Rorippa x anceps,NA,4,NA,NA,NA
Rosa canina agg.,Rosa canina agg.,TRUE,Rosa canina agg.,NA,NA,4,NA,NA
Rosa gallica,Rosa gallica,TRUE,Rosa gallica,NA,31,NA,VU,NA
Rosa marginata,Rosa marginata,TRUE,Rosa marginata,NA,1,NA,VU,NA
Rosa spinosissima,Rosa spinosissima,TRUE,Rosa spinosissima,NA,8,NA,VU,NA
Rubus caesius,Rubus caesius,TRUE,Rubus caesius,24,9,NA,-,NA
Rubus fruticosus agg.,Rubus fruticosus agg.,TRUE,Rubus fruticosus agg.,45,10,NA,NA,NA
Rubus idaeus,Rubus idaeus,TRUE,Rubus idaeus,37,5,2,-,NA
Rumex acetosa,Rumex acetosa,TRUE,Rumex acetosa,116,478,106,-,NA
Rumex acetosella,Rumex acetosella,TRUE,Rumex acetosella,9,63,12,-,NA
Rumex aquaticus,Rumex aquaticus,TRUE,Rumex aquaticus,NA,NA,3,-,NA
Rumex arifolius,Rumex arifolius,TRUE,Rumex arifolius,NA,NA,4,-,NA
Rumex conglomeratus,Rumex conglomeratus,TRUE,Rumex conglomeratus,2,NA,NA,-,NA
Rumex crispus,Rumex crispus,TRUE,Rumex crispus,21,71,2,-,NA
Rumex maritimus,Rumex maritimus,TRUE,Rumex maritimus,NA,14,NA,-,NA
Rumex obtusifolius,Rumex obtusifolius,TRUE,Rumex obtusifolius,10,3,2,-,NA
Rumex sanguineus,Rumex sanguineus,TRUE,Rumex sanguineus,NA,3,NA,-,NA
Rumex species,Rumex species,FALSE,Rumex species,NA,2,3,NA,NA
Rumex stenophyllus,Rumex stenophyllus,TRUE,Rumex stenophyllus,NA,1,NA,EN,NT
Rumex thyrsiflorus,Rumex thyrsiflorus,TRUE,Rumex thyrsiflorus,NA,19,NA,-,NA
Sagina procumbens,Sagina procumbens,TRUE,Sagina procumbens,1,4,1,-,NA
Salicornia prostrata,Salicornia prostrata,TRUE,Salicornia prostrata,NA,2,NA,RE,NA
Salvia aethiopis,Salvia aethiopis,TRUE,Salvia aethiopis,NA,1,NA,CR,NT
Salvia glutinosa,Salvia glutinosa,TRUE,Salvia glutinosa,NA,1,3,-,NA
Salvia nemorosa,Salvia nemorosa,TRUE,Salvia nemorosa,1,24,10,-,NA
Salvia pratensis,Salvia pratensis,TRUE,Salvia pratensis,28,427,45,-,NA
Salvia verticillata,Salvia verticillata,TRUE,Salvia verticillata,NA,73,13,-,NA
Sambucus ebulus,Sambucus ebulus,TRUE,Sambucus ebulus,NA,1,NA,-,NA
Samolus valerandi,Samolus valerandi,TRUE,Samolus valerandi,NA,2,NA,CR,RE
Sanguisorba minor,Sanguisorba minor,TRUE,Sanguisorba minor,17,382,43,-,NA
Sanguisorba minor ssp. balearica,Sanguisorba minor,TRUE,Sanguisorba minor subsp. balearica,NA,NA,3,-,NA
Sanguisorba officinalis,Sanguisorba officinalis,TRUE,Sanguisorba officinalis,42,473,37,-,NA
Sanicula europaea,Sanicula europaea,TRUE,Sanicula europaea,NA,1,NA,-,NA
Saponaria officinalis,Saponaria officinalis,TRUE,Saponaria officinalis,NA,2,NA,-,NA
Saxifraga bulbifera,Saxifraga bulbifera,TRUE,Saxifraga bulbifera,NA,1,NA,NT,NA
Saxifraga granulata,Saxifraga granulata,TRUE,Saxifraga granulata,NA,11,NA,-,NA
Saxifraga paniculata,Saxifraga paniculata,TRUE,Saxifraga paniculata,NA,3,1,NT,NA
Saxifraga tridactylites,Saxifraga tridactylites,TRUE,Saxifraga tridactylites,NA,8,NA,NT,NA
Scabiosa canescens,Scabiosa canescens,TRUE,Scabiosa canescens,NA,65,NA,NT,NT
Scabiosa ochroleuca,Scabiosa ochroleuca,TRUE,Scabiosa ochroleuca,5,277,42,-,NA
Schoenoplectus tabernaemontani,Schoenoplectus tabernaemontani,TRUE,Schoenoplectus tabernaemontani,NA,5,NA,VU,NT
Scirpus sylvaticus,Scirpus sylvaticus,TRUE,Scirpus sylvaticus,NA,92,53,-,NA
Scleranthus annuus,Scleranthus annuus,TRUE,Scleranthus annuus,NA,2,1,-,NA
Scleranthus perennis,Scleranthus perennis,TRUE,Scleranthus perennis,NA,21,NA,-,NA
Scleranthus polycarpos,Scleranthus polycarpos,TRUE,Scleranthus polycarpos,NA,4,NA,NT,NT
Scleranthus species,Scleranthus species,FALSE,Scleranthus species,NA,1,NA,NA,NA
Scorzonera austriaca,Scorzonera austriaca,TRUE,Scorzonera austriaca,NA,61,NA,NT,NT
Scorzonera cana,Scorzonera cana,TRUE,Scorzonera cana,NA,8,NA,NT,NA
Scorzonera hispanica,Scorzonera hispanica,TRUE,Scorzonera hispanica,NA,56,2,NT,NT
Scorzonera humilis,Scorzonera humilis,TRUE,Scorzonera humilis,NA,18,5,LC,NT
Scorzonera laciniata,Scorzonera laciniata,TRUE,Scorzonera laciniata,NA,1,NA,CR,NA
Scorzonera parviflora,Scorzonera parviflora,TRUE,Scorzonera parviflora,NA,20,NA,CR,CR
Scorzonera purpurea,Scorzonera purpurea,TRUE,Scorzonera purpurea,NA,20,NA,VU,NT
Scorzoneroides autumnalis,Scorzoneroides autumnalis,TRUE,Scorzoneroides autumnalis,NA,36,35,-,NA
Scrophularia nodosa,Scrophularia nodosa,TRUE,Scrophularia nodosa,6,1,NA,-,NA
Scutellaria galericulata,Scutellaria galericulata,TRUE,Scutellaria galericulata,NA,5,3,-,NA
Scutellaria hastifolia,Scutellaria hastifolia,TRUE,Scutellaria hastifolia,NA,22,NA,VU,NT
Securigera varia,Securigera varia,TRUE,Securigera varia,65,260,24,-,NA
Sedum acre,Sedum acre,TRUE,Sedum acre,NA,68,12,-,NA
Sedum album,Sedum album,TRUE,Sedum album,NA,166,1,-,NA
Sedum sexangulare,Sedum sexangulare,TRUE,Sedum sexangulare,NA,20,2,-,NA
Selinum carvifolia,Selinum carvifolia,TRUE,Selinum carvifolia,23,51,NA,-,NA
Sempervivum marmoreum,Sempervivum marmoreum,TRUE,Sempervivum marmoreum,NA,NA,5,NA,NA
Sempervivum montanum ssp. carpaticum,Sempervivum marmoreum,TRUE,Sempervivum montanum subsp. carpaticum,NA,NA,1,NA,NA
Senecio erraticus,Senecio erraticus,TRUE,Senecio erraticus,NA,20,NA,NT,NA
Senecio jacobaea,Senecio jacobaea,TRUE,Senecio jacobaea,37,87,2,-,NA
Senecio nemorensis agg.,Senecio nemorensis agg.,TRUE,Senecio nemorensis agg.,3,6,5,NA,NA
Senecio paludosus,Senecio paludosus,TRUE,Senecio paludosus,NA,1,NA,EN,NA
Senecio sylvaticus,Senecio sylvaticus,TRUE,Senecio sylvaticus,NA,1,NA,-,NA
Senecio umbrosus,Senecio umbrosus,TRUE,Senecio umbrosus,NA,3,NA,EN,LC
Senecio vulgaris,Senecio vulgaris,TRUE,Senecio vulgaris,NA,4,NA,-,NA
Serratula tinctoria,Serratula tinctoria,TRUE,Serratula tinctoria,17,317,8,NT,NA
Seseli annuum,Seseli annuum,TRUE,Seseli annuum,NA,36,NA,NT,NA
Seseli hippomarathrum,Seseli hippomarathrum,TRUE,Seseli hippomarathrum,NA,105,NA,NT,NT
Seseli osseum,Seseli osseum,TRUE,Seseli osseum,NA,168,21,LC,NA
Seseli pallasii,Seseli pallasii,TRUE,Seseli pallasii,NA,5,NA,EN,EN
Seseli species,Seseli species,FALSE,Seseli species,NA,2,2,NA,NA
Sesleria caerulea,Sesleria caerulea,TRUE,Sesleria caerulea,NA,89,54,-,NA
Setaria pumila,Setaria pumila,TRUE,Setaria pumila,NA,2,NA,-,NA
Setaria viridis,Setaria viridis,TRUE,Setaria viridis,1,8,NA,-,NA
Sherardia arvensis,Sherardia arvensis,TRUE,Sherardia arvensis,NA,1,NA,-,NA
Sideritis montana,Sideritis montana,TRUE,Sideritis montana,NA,1,NA,EN,NA
Silaum silaus,Silaum silaus,TRUE,Silaum silaus,NA,52,NA,NT,NT
Silene latifolia,Silene latifolia,TRUE,Silene latifolia,19,6,NA,-,NA
Silene noctiflora,Silene noctiflora,TRUE,Silene noctiflora,2,NA,NA,NT,NA
Silene nutans,Silene nutans,TRUE,Silene nutans,7,63,14,-,NA
Silene otites s.lat.,Silene otites,TRUE,Silene otites,NA,72,NA,NT,NA
Silene viscosa,Silene viscosa,TRUE,Silene viscosa,NA,5,NA,CR,EN
Silene vulgaris,Silene vulgaris,TRUE,Silene vulgaris,14,44,20,-,NA
Sinapis arvensis,Sinapis arvensis,TRUE,Sinapis arvensis,NA,2,NA,-,NA
Sisymbrium altissimum,Sisymbrium altissimum,TRUE,Sisymbrium altissimum,NA,2,NA,-,NA
Solanum dulcamara,Solanum dulcamara,TRUE,Solanum dulcamara,NA,3,NA,-,NA
Soldanella hungarica ssp. major,Soldanella hungarica ssp. major,TRUE,Soldanella hungarica subsp. major,NA,NA,1,NA,LC
Soldanella montana,Soldanella montana,TRUE,Soldanella montana,NA,1,NA,LC,NA
Solidago canadensis,Solidago canadensis,TRUE,Solidago canadensis,12,2,NA,-,NA
Solidago gigantea,Solidago gigantea,TRUE,Solidago gigantea,22,1,NA,-,NA
Solidago virgaurea,Solidago virgaurea,TRUE,Solidago virgaurea,NA,33,1,-,NA
Sonchus arvensis,Sonchus arvensis,TRUE,Sonchus arvensis,2,6,NA,-,NA
Sonchus asper,Sonchus asper,TRUE,Sonchus asper,NA,15,NA,-,NA
Sonchus oleraceus,Sonchus oleraceus,TRUE,Sonchus oleraceus,NA,5,NA,-,NA
Sonchus palustris,Sonchus palustris,TRUE,Sonchus palustris,NA,1,NA,EN,NT
Sonchus species,Sonchus species,FALSE,Sonchus species,NA,5,NA,NA,NA
Sparganium erectum,Sparganium erectum,TRUE,Sparganium erectum,NA,1,NA,-,NA
Spergula morisonii,Spergula morisonii,TRUE,Spergula morisonii,NA,29,NA,NT,VU
Spergula pentandra,Spergula pentandra,TRUE,Spergula pentandra,NA,2,NA,CR,CR
Spergularia marina,Spergularia marina,TRUE,Spergularia marina,NA,10,NA,CR,NA
Spergularia media,Spergularia media,TRUE,Spergularia media,NA,26,NA,CR,CR
Sphagnum recurvum agg.,Sphagnum recurvum agg.,FALSE,Sphagnum recurvum agg.,NA,1,NA,NA,NA
Stachys alpina,Stachys alpina,TRUE,Stachys alpina,NA,2,NA,NT,NA
Stachys annua,Stachys annua,TRUE,Stachys annua,1,2,NA,VU,NA
Stachys germanica,Stachys germanica,TRUE,Stachys germanica,2,NA,NA,EN,NA
Stachys palustris,Stachys palustris,TRUE,Stachys palustris,18,6,2,-,NA
Stachys recta,Stachys recta,TRUE,Stachys recta,1,152,37,-,NA
Stachys sylvatica,Stachys sylvatica,TRUE,Stachys sylvatica,NA,NA,1,-,NA
Stellaria alsine,Stellaria alsine,TRUE,Stellaria alsine,NA,NA,6,-,NA
Stellaria graminea,Stellaria graminea,TRUE,Stellaria graminea,60,222,52,-,NA
Stellaria holostea,Stellaria holostea,TRUE,Stellaria holostea,NA,2,1,-,NA
Stellaria media agg.,Stellaria media agg.,TRUE,Stellaria media agg.,NA,15,NA,NA,NA
Stellaria nemorum,Stellaria nemorum,TRUE,Stellaria nemorum,NA,NA,7,-,NA
Stellaria palustris,Stellaria palustris,TRUE,Stellaria palustris,NA,1,NA,VU,VU
Stipa borysthenica,Stipa borysthenica,TRUE,Stipa borysthenica,NA,10,NA,EN,NA
Stipa capillata,Stipa capillata,TRUE,Stipa capillata,NA,107,2,NT,NA
Stipa eriocaulis,Stipa eriocaulis,TRUE,Stipa eriocaulis,NA,1,NA,EN,VU
Stipa pennata,Stipa pennata,TRUE,Stipa pennata,NA,40,1,NT,NT
Stipa pulcherrima,Stipa pulcherrima,TRUE,Stipa pulcherrima,NA,37,4,NT,NT
Stipa species,Stipa species,FALSE,Stipa species,NA,1,NA,NA,NA
Stipa tirsa,Stipa tirsa,TRUE,Stipa tirsa,NA,7,NA,EN,NA
SUAEPAN,Suaeda prostrata,TRUE,Suaeda prostrata,NA,19,NA,RE,NA
Succisa pratensis,Succisa pratensis,TRUE,Succisa pratensis,3,89,6,-,NA
Symphyotrichum novi-belgii agg.,Symphyotrichum novi-belgii agg.,TRUE,Symphyotrichum novi-belgii agg.,17,NA,NA,NA,NA
Symphytum angustifolium,Symphytum angustifolium,TRUE,Symphytum angustifolium,NA,1,NA,NA,LC
Symphytum officinale,Symphytum officinale,TRUE,Symphytum officinale,56,89,2,-,NA
Symphytum tuberosum,Symphytum tuberosum,TRUE,Symphytum tuberosum,20,24,7,NA,NA
Symphytum tuberosum agg.*,Symphytum tuberosum,TRUE,Symphytum tuberosum agg.*,NA,48,5,NA,NA
Tanacetum clusii,Tanacetum clusii,TRUE,Tanacetum clusii,NA,NA,1,NA,NA
Tanacetum corymbosum,Tanacetum corymbosum,TRUE,Tanacetum corymbosum,10,187,7,-,NA
Tanacetum vulgare,Tanacetum vulgare,TRUE,Tanacetum vulgare,17,9,2,-,NA
Taraxacum bessarabicum,Taraxacum bessarabicum,TRUE,Taraxacum bessarabicum,NA,33,NA,CR,EN
Taraxacum sect. Erythrosperma,Taraxacum sect. Erythrosperma,TRUE,Taraxacum sect. Erythrosperma,1,18,NA,NA,NA
Taraxacum sect. Ruderalia,Taraxacum sect. Ruderalia,TRUE,Taraxacum sect. Ruderalia,NA,16,NA,NA,NA
Taraxacum sect. Taraxacum,Taraxacum sect. Taraxacum,TRUE,Taraxacum sect. Taraxacum,114,435,28,NA,NA
Taraxacum serotinum,Taraxacum serotinum,TRUE,Taraxacum serotinum,NA,2,NA,EN,EN
Tephroseris crispa,Tephroseris crispa,TRUE,Tephroseris crispa,NA,10,21,LC,NA
Tephroseris integrifolia,Tephroseris integrifolia,TRUE,Tephroseris integrifolia,NA,8,1,EN,NT
Tephroseris longifolia,Tephroseris longifolia,TRUE,Tephroseris longifolia,NA,NA,1,CR,NA
Teucrium botrys,Teucrium botrys,TRUE,Teucrium botrys,NA,1,1,NT,NA
Teucrium chamaedrys,Teucrium chamaedrys,TRUE,Teucrium chamaedrys,NA,202,57,LC,NA
Teucrium montanum,Teucrium montanum,TRUE,Teucrium montanum,NA,56,1,VU,NA
Teucrium scordium,Teucrium scordium,TRUE,Teucrium scordium,NA,9,NA,EN,NT
Thalictrum aquilegiifolium,Thalictrum aquilegiifolium,TRUE,Thalictrum aquilegiifolium,NA,6,NA,-,NA
Thalictrum flavum,Thalictrum flavum,TRUE,Thalictrum flavum,NA,11,NA,EN,VU
Thalictrum foetidum,Thalictrum foetidum,TRUE,Thalictrum foetidum,NA,14,NA,EN,DD
Thalictrum lucidum,Thalictrum lucidum,TRUE,Thalictrum lucidum,NA,23,NA,NT,LC
Thalictrum minus,Thalictrum minus,TRUE,Thalictrum minus,NA,59,1,NA,NA
Thalictrum minus nssp. flexuosum,Thalictrum minus,TRUE,Thalictrum minus,NA,4,NA,NA,NA
Thalictrum simplex ssp. galioides,Thalictrum simplex ssp. galioides,TRUE,Thalictrum simplex subsp. galioides,1,6,NA,EN,VU
Thesium dollineri,Thesium dollineri,TRUE,Thesium dollineri,NA,2,NA,EN,VU
Thesium linophyllon,Thesium linophyllon,TRUE,Thesium linophyllon,NA,169,17,NT,NA
Thesium pyrenaicum,Thesium pyrenaicum,TRUE,Thesium pyrenaicum,NA,1,1,NT,RE
Thesium ramosum,Thesium ramosum,TRUE,Thesium ramosum,NA,1,NA,CR,DD
Thesium species,Thesium species,FALSE,Thesium species,NA,3,NA,NA,NA
Thlaspi arvense,Thlaspi arvense,TRUE,Thlaspi arvense,1,3,NA,-,NA
Thymelaea passerina,Thymelaea passerina,TRUE,Thymelaea passerina,NA,1,1,EN,LC
Thymus alpestris,Thymus alpestris,TRUE,Thymus alpestris,NA,2,NA,VU,NA
Thymus glabrescens,Thymus glabrescens,TRUE,Thymus glabrescens,NA,52,1,NT,NA
Thymus pannonicus,Thymus pannonicus agg.,TRUE,Thymus pannonicus,NA,38,NA,LC,NA
Thymus pannonicus agg.,Thymus pannonicus agg.,TRUE,Thymus pannonicus,NA,1,3,LC,NA
Thymus praecox,Thymus praecox,TRUE,Thymus praecox,NA,169,14,LC,NA
Thymus pulegioides,Thymus pulegioides,TRUE,Thymus pulegioides,25,182,81,-,NA
Thymus serpyllum,Thymus serpyllum,TRUE,Thymus serpyllum,NA,35,NA,NT,NA
Thymus species,Thymus species,FALSE,Thymus species,NA,48,NA,NA,NA
Tordylium maximum,Tordylium maximum,TRUE,Tordylium maximum,NA,NA,1,CR,VU
Torilis japonica,Torilis japonica,TRUE,Torilis japonica,23,3,3,-,NA
Tragopogon dubius,Tragopogon dubius,TRUE,Tragopogon dubius,NA,12,NA,-,NA
Tragopogon orientalis,Tragopogon orientalis,TRUE,Tragopogon orientalis,11,196,34,-,NA
Tragopogon pratensis,Tragopogon pratensis,TRUE,Tragopogon pratensis,20,2,NA,-,NA
Tragopogon species,Tragopogon species,FALSE,Tragopogon species,NA,2,NA,NA,NA
Traunsteinera globosa,Traunsteinera globosa,TRUE,Traunsteinera globosa,2,44,3,EN,NT
Trifolium alpestre,Trifolium alpestre,TRUE,Trifolium alpestre,13,130,12,-,NA
Trifolium arvense,Trifolium arvense,TRUE,Trifolium arvense,8,51,1,-,NA
Trifolium aureum,Trifolium aureum,TRUE,Trifolium aureum,NA,13,1,-,NA
Trifolium campestre,Trifolium campestre,TRUE,Trifolium campestre,38,141,1,-,NA
Trifolium dubium,Trifolium dubium,TRUE,Trifolium dubium,3,84,3,-,NA
Trifolium fragiferum,Trifolium fragiferum,TRUE,Trifolium fragiferum,NA,69,NA,VU,NA
Trifolium hybridum,Trifolium hybridum,TRUE,Trifolium hybridum,2,81,5,-,NA
Trifolium medium,Trifolium medium,TRUE,Trifolium medium,24,104,3,-,NA
Trifolium medium ssp. flexuosum,Trifolium medium,TRUE,Trifolium medium,NA,NA,9,-,NA
Trifolium medium ssp. sarosiense,Trifolium medium,TRUE,Trifolium medium,NA,NA,1,-,NA
Trifolium montanum,Trifolium montanum,TRUE,Trifolium montanum,22,300,31,-,NA
Trifolium ochroleucon,Trifolium ochroleucon,TRUE,Trifolium ochroleucon,3,24,1,NT,NA
Trifolium pratense,Trifolium pratense,TRUE,Trifolium pratense,16,271,75,-,NA
Trifolium repens,Trifolium repens,TRUE,Trifolium repens,30,183,45,-,NA
Trifolium rubens,Trifolium rubens,TRUE,Trifolium rubens,9,118,1,VU,NA
Trifolium spadiceum,Trifolium spadiceum,TRUE,Trifolium spadiceum,NA,2,6,VU,NA
Trifolium species,Trifolium species,FALSE,Trifolium species,NA,2,NA,NA,NA
Triglochin palustris,Triglochin palustris,TRUE,Triglochin palustris,NA,7,NA,EN,NT
Trinia glauca,Trinia glauca,TRUE,Trinia glauca,NA,6,NA,EN,NA
Tripleurospermum inodorum,Tripleurospermum inodorum,TRUE,Tripleurospermum inodorum,11,36,NA,-,NA
Tripolium pannonicum,Tripolium pannonicum,TRUE,Tripolium pannonicum,NA,10,NA,CR,EN
Tripolium pannonicum ssp. pannonicum,Tripolium pannonicum,TRUE,Tripolium pannonicum,NA,44,NA,CR,EN
Trisetum flavescens,Trisetum flavescens,TRUE,Trisetum flavescens,70,381,30,-,NA
Trollius altissimus,Trollius altissimus,TRUE,Trollius altissimus,NA,19,26,VU,NT
Turgenia latifolia,Turgenia latifolia,TRUE,Turgenia latifolia,NA,NA,1,RE,VU
Turritis glabra,Turritis glabra,TRUE,Turritis glabra,2,NA,NA,-,NA
Tussilago farfara,Tussilago farfara,TRUE,Tussilago farfara,1,35,3,-,NA
Typha angustifolia,Typha angustifolia,TRUE,Typha angustifolia,NA,1,NA,-,NA
Typha latifolia,Typha latifolia,TRUE,Typha latifolia,NA,10,1,-,NA
Urtica dioica,Urtica dioica,TRUE,Urtica dioica,68,23,10,-,NA
Vaccinium myrtillus,Vaccinium myrtillus,TRUE,Vaccinium myrtillus,NA,12,7,-,NA
Vaccinium oxycoccos,Vaccinium oxycoccos,TRUE,Vaccinium oxycoccos,NA,1,NA,LC,NT
Vaccinium vitis-idaea,Vaccinium vitis-idaea,TRUE,Vaccinium vitis-idaea,NA,2,1,-,NA
Valeriana dioica,Valeriana dioica,TRUE,Valeriana dioica,NA,52,1,LC,NT
Valeriana excelsa ssp. sambucifolia,Valeriana excelsa ssp. sambucifolia,TRUE,Valeriana excelsa subsp. sambucifolia,NA,NA,2,LC,NA
Valeriana officinalis,Valeriana officinalis,TRUE,Valeriana officinalis,40,75,8,-,NA
Valeriana simplicifolia,Valeriana simplicifolia,TRUE,Valeriana simplicifolia,NA,4,6,NT,LC
Valeriana species,Valeriana species,FALSE,Valeriana species,NA,1,NA,NA,NA
Valeriana stolonifera,Valeriana stolonifera,TRUE,Valeriana stolonifera,17,99,1,LC,NA
Valeriana tripteris,Valeriana tripteris,TRUE,Valeriana tripteris,NA,NA,2,NT,NA
Valerianella carinata,Valerianella carinata,TRUE,Valerianella carinata,NA,NA,3,VU,NA
Valerianella dentata,Valerianella dentata,TRUE,Valerianella dentata,2,NA,2,LC,NA
Valerianella locusta,Valerianella locusta,TRUE,Valerianella locusta,3,5,NA,-,NA
Valerianella rimosa,Valerianella rimosa,TRUE,Valerianella rimosa,NA,NA,1,EN,NA
Veratrum album ssp. lobelianum,Veratrum album ssp. lobelianum,TRUE,Veratrum album subsp. lobelianum,NA,NA,3,LC,NA
Veratrum nigrum,Veratrum nigrum,TRUE,Veratrum nigrum,NA,5,NA,EN,NA
Verbascum blattaria,Verbascum blattaria,TRUE,Verbascum blattaria,NA,2,NA,EN,NA
Verbascum chaixii ssp. austriacum,Verbascum chaixii ssp. austriacum,TRUE,Verbascum chaixii subsp. austriacum,NA,49,2,LC,NA
Verbascum lychnitis,Verbascum lychnitis,TRUE,Verbascum lychnitis,4,48,NA,-,NA
Verbascum nigrum,Verbascum nigrum,TRUE,Verbascum nigrum,NA,2,7,-,NA
Verbascum phlomoides,Verbascum phlomoides,TRUE,Verbascum phlomoides,NA,1,NA,-,NA
Verbascum phoeniceum,Verbascum phoeniceum,TRUE,Verbascum phoeniceum,NA,20,NA,NT,NA
Verbascum species,Verbascum species,FALSE,Verbascum species,28,NA,NA,NA,NA
Verbascum thapsus,Verbascum thapsus,TRUE,Verbascum thapsus,5,2,NA,-,NA
Verbena officinalis,Verbena officinalis,TRUE,Verbena officinalis,NA,2,NA,NT,NA
Veronica anagallis-aquatica agg.,Veronica anagallis-aquatica agg.,FALSE,Veronica anagallis-aquatica agg.,NA,1,NA,NA,NA
Veronica anagalloides,Veronica anagalloides,TRUE,Veronica anagalloides,NA,4,NA,EN,VU
Veronica arvensis,Veronica arvensis,TRUE,Veronica arvensis,24,86,2,-,NA
Veronica austriaca,Veronica austriaca,TRUE,Veronica austriaca,NA,1,NA,EN,NA
Veronica beccabunga,Veronica beccabunga,TRUE,Veronica beccabunga,NA,6,4,-,NA
Veronica chamaedrys agg.,Veronica chamaedrys agg.,TRUE,Veronica chamaedrys agg.,133,473,69,NA,NA
Veronica dillenii,Veronica dillenii,TRUE,Veronica dillenii,NA,26,NA,LC,NA
Veronica maritima,Veronica maritima,TRUE,Veronica maritima,NA,33,NA,VU,NT
Veronica officinalis,Veronica officinalis,TRUE,Veronica officinalis,26,66,26,-,NA
Veronica orchidea,Veronica orchidea,TRUE,Veronica orchidea,NA,44,2,NT,NT
Veronica persica,Veronica persica,TRUE,Veronica persica,1,4,NA,-,NA
Veronica polita,Veronica polita,TRUE,Veronica polita,NA,3,NA,-,NA
Veronica praecox,Veronica praecox,TRUE,Veronica praecox,NA,13,NA,NT,NA
Veronica prostrata,Veronica prostrata,TRUE,Veronica prostrata,NA,52,NA,LC,NA
Veronica scutellata,Veronica scutellata,TRUE,Veronica scutellata,NA,11,4,LC,NT
Veronica serpyllifolia,Veronica serpyllifolia,TRUE,Veronica serpyllifolia,1,10,NA,-,NA
Veronica species,Veronica species,FALSE,Veronica species,NA,2,1,NA,NA
Veronica spicata,Veronica spicata,TRUE,Veronica spicata,2,123,11,LC,NA
Veronica teucrium,Veronica teucrium,TRUE,Veronica teucrium,NA,94,3,LC,NA
Veronica triphyllos,Veronica triphyllos,TRUE,Veronica triphyllos,NA,1,NA,-,NT
Veronica verna,Veronica verna,TRUE,Veronica verna,NA,31,NA,LC,NA
Vicia angustifolia,Vicia angustifolia,TRUE,Vicia angustifolia,34,50,4,-,NA
Vicia cracca,Vicia cracca,TRUE,Vicia cracca,64,265,21,-,NA
Vicia cracca agg.,Vicia cracca,TRUE,Vicia cracca,NA,19,1,-,NA
Vicia ervilia,Vicia ervilia,TRUE,Vicia ervilia,NA,8,NA,-,NA
Vicia hirsuta,Vicia hirsuta,TRUE,Vicia hirsuta,81,96,2,-,NA
Vicia lathyroides,Vicia lathyroides,TRUE,Vicia lathyroides,NA,9,NA,NT,NA
Vicia sativa,Vicia sativa agg.,TRUE,Vicia sativa agg.,NA,3,NA,NA,NA
Vicia sativa agg.,Vicia sativa agg.,TRUE,Vicia sativa agg.,NA,1,NA,NA,NA
Vicia sepium,Vicia sepium,TRUE,Vicia sepium,NA,52,12,-,NA
Vicia species,Vicia species,FALSE,Vicia species,NA,4,NA,NA,NA
Vicia sylvatica,Vicia sylvatica,TRUE,Vicia sylvatica,NA,NA,1,-,NA
Vicia tenuifolia,Vicia tenuifolia,TRUE,Vicia tenuifolia,16,56,2,-,NA
Vicia tetrasperma,Vicia tetrasperma,TRUE,Vicia tetrasperma,84,91,1,-,NA
Vicia villosa,Vicia villosa,TRUE,Vicia villosa,NA,1,NA,-,NA
Vincetoxicum hirundinaria,Vincetoxicum hirundinaria,TRUE,Vincetoxicum hirundinaria,NA,105,25,-,NA
Viola ambigua,Viola ambigua,TRUE,Viola ambigua,NA,51,NA,NT,EN
Viola arvensis,Viola arvensis,TRUE,Viola arvensis,6,15,6,-,NA
Viola canina,Viola canina,TRUE,Viola canina,89,120,51,-,NA
Viola collina,Viola collina,TRUE,Viola collina,NA,16,18,-,NA
Viola elatior,Viola elatior,TRUE,Viola elatior,NA,7,NA,EN,EN
Viola hirta,Viola hirta,TRUE,Viola hirta,87,334,44,-,NA
Viola mirabilis,Viola mirabilis,TRUE,Viola mirabilis,NA,2,NA,LC,NA
Viola odorata,Viola odorata,TRUE,Viola odorata,NA,7,3,-,NA
Viola palustris,Viola palustris,TRUE,Viola palustris,NA,16,12,-,NT
Viola pumila,Viola pumila,TRUE,Viola pumila,NA,2,NA,EN,EN
Viola reichenbachiana,Viola reichenbachiana,TRUE,Viola reichenbachiana,2,14,7,-,NA
Viola riviniana,Viola riviniana,TRUE,Viola riviniana,3,10,7,-,NA
Viola rupestris,Viola rupestris,TRUE,Viola rupestris,NA,10,NA,NT,NA
Viola species,Viola species,FALSE,Viola species,NA,5,NA,NA,NA
Viola stagnina,Viola stagnina,TRUE,Viola stagnina,NA,1,NA,EN,VU
Viola suavis,Viola suavis,TRUE,Viola suavis,NA,2,NA,-,NA
Viola tricolor,Viola tricolor,TRUE,Viola tricolor,26,16,14,LC,NA
Viola x intersita (V. canina x riviniana),Viola x intersita (V. canina x riviniana),TRUE,Viola x intersita (V. canina x riviniana),NA,1,NA,NA,NA
Viola x scabra,Viola x scabra,TRUE,Viola x scabra,NA,15,NA,NA,NA
Viscaria vulgaris,Viscaria vulgaris,TRUE,Viscaria vulgaris,1,12,20,-,NA
Vitis vinifera ssp. vinifera,Vitis vinifera ssp. vinifera,TRUE,Vitis vinifera subsp. vinifera,NA,6,NA,-,NA
Vulpia myuros,Vulpia myuros,TRUE,Vulpia myuros,NA,1,NA,NT,NA
Willemetia stipitata,Willemetia stipitata,TRUE,Willemetia stipitata,NA,1,NA,NT,NA
Woodsia ilvensis,Woodsia ilvensis,TRUE,Woodsia ilvensis,NA,NA,1,EN,VU
Xanthium strumarium,Xanthium strumarium,TRUE,Xanthium strumarium,NA,1,NA,EN,DD
